시도교육청코드,시도교육청명,표준학교코드,학교명,식사코드,식사명,급식일자,급식인원수,요리명,원산지정보,칼로리정보,영양정보,수정일
B10,서울특별시교육청,7010083,서울고등학교,2,중식,20210303,1376,잡곡밥5.<br/>우동국물1.2.5.6.7.9.13.18.<br/>토마토비타민샐러드12.<br/>쫄면5.6.13.<br/>두부코코넛치즈돈까스1.5.6.<br/>배추김치9.<br/>돈까스소스*5.6.12.13.18.<br/>참깨드레싱*1.5.13.,쌀 : 국내산<br/>김치류 : 국내산<br/>고춧가루(김치류) : 국내산<br/>쇠고기(종류) : 호주산<br/>돼지고기 : 국내산<br/>닭고기 : 국내산<br/>오리고기 : 국내산<br/>쇠고기 식육가공품 : <br/>돼지고기 식육가공품 : 국내산<br/>닭고기 식육가공품 : 국내산<br/>오리고기 가공품 : 국내산<br/>낙지 : 베트남산<br/>고등어 : 국내산<br/>갈치 : 국내산<br/>오징어 : 국내산<br/>꽃게 : 국내산<br/>참조기 : 국내산<br/>낙지 수산가공품 : 베트남산<br/>두부 : 국내산<br/>콩 : 국내산,1016.0 Kcal,탄수화물(g) : 181.9<br/>단백질(g) : 32.4<br/>지방(g) : 15.3<br/>비타민A(R.E) : 128.0<br/>티아민(mg) : 0.4<br/>리보플라빈(mg) : 0.4<br/>비타민C(mg) : 11.6<br/>칼슘(mg) : 167.7<br/>철분(mg) : 4.9,2.02103E+13
B10,서울특별시교육청,7010083,서울고등학교,2,중식,20210304,960,카레덮밥2.5.6.10.12.13.16.18.<br/>콩나물국2.5.6.13.16.<br/>소떡피자1.2.5.6.10.12.13.15.16.<br/>깍두기9.<br/>요구르트2.<br/>마카로니샐러드1.2.4.5.6.11.13.,쌀 : 국내산<br/>김치류 : 국내산<br/>고춧가루(김치류) : 국내산<br/>쇠고기(종류) : 호주산<br/>돼지고기 : 국내산<br/>닭고기 : 국내산<br/>오리고기 : 국내산<br/>쇠고기 식육가공품 : <br/>돼지고기 식육가공품 : 국내산<br/>닭고기 식육가공품 : 국내산<br/>오리고기 가공품 : 국내산<br/>낙지 : 베트남산<br/>고등어 : 국내산<br/>갈치 : 국내산<br/>오징어 : 국내산<br/>꽃게 : 국내산<br/>참조기 : 국내산<br/>낙지 수산가공품 : 베트남산<br/>두부 : 국내산<br/>콩 : 국내산,1111.6 Kcal,탄수화물(g) : 214.8<br/>단백질(g) : 38.4<br/>지방(g) : 14.9<br/>비타민A(R.E) : 286.0<br/>티아민(mg) : 0.4<br/>리보플라빈(mg) : 0.8<br/>비타민C(mg) : 21.5<br/>칼슘(mg) : 259.6<br/>철분(mg) : 4.3,2.02103E+13
B10,서울특별시교육청,7010083,서울고등학교,2,중식,20210305,960,소고기곤드레밥5.6.16.<br/>팽이장국5.6.<br/>닭튀김2.5.6.15.<br/>콘버터구이1.2.5.6.10.13.16.15.<br/>깍두기9.<br/>양념장(달래)5.6.<br/>강정소스4.5.6.12.13.<br/>김가루고명<br/>오렌지,쌀 : 국내산<br/>김치류 : 국내산<br/>고춧가루(김치류) : 국내산<br/>쇠고기(종류) : 호주산<br/>돼지고기 : 국내산<br/>닭고기 : 국내산<br/>오리고기 : 국내산<br/>쇠고기 식육가공품 : <br/>돼지고기 식육가공품 : 국내산<br/>닭고기 식육가공품 : 국내산<br/>오리고기 가공품 : 국내산<br/>낙지 : 베트남산<br/>고등어 : 국내산<br/>갈치 : 국내산<br/>오징어 : 국내산<br/>꽃게 : 국내산<br/>참조기 : 국내산<br/>낙지 수산가공품 : 베트남산<br/>두부 : 국내산<br/>콩 : 국내산,1283.4 Kcal,탄수화물(g) : 160.1<br/>단백질(g) : 74.9<br/>지방(g) : 41.6<br/>비타민A(R.E) : 722.1<br/>티아민(mg) : 0.8<br/>리보플라빈(mg) : 0.8<br/>비타민C(mg) : 34.9<br/>칼슘(mg) : 620.5<br/>철분(mg) : 6.9,2.02103E+13
B10,서울특별시교육청,7010083,서울고등학교,2,중식,20210308,947,현미밥<br/>참치김치찌개5.9.16.18.<br/>부추생채5.6.13.<br/>대패오리주물럭5.6.13.<br/>야채전1.5.6.<br/>깍두기9.<br/>무쌈,쌀 : 국내산<br/>김치류 : 국내산<br/>고춧가루(김치류) : 국내산<br/>쇠고기(종류) : 호주산<br/>돼지고기 : 국내산<br/>닭고기 : 국내산<br/>오리고기 : 국내산<br/>쇠고기 식육가공품 : <br/>돼지고기 식육가공품 : 국내산<br/>닭고기 식육가공품 : 국내산<br/>오리고기 가공품 : 국내산<br/>낙지 : 베트남산<br/>고등어 : 국내산<br/>갈치 : 국내산<br/>오징어 : 국내산<br/>꽃게 : 국내산<br/>참조기 : 국내산<br/>낙지 수산가공품 : 베트남산<br/>두부 : 국내산<br/>콩 : 국내산,1131.0 Kcal,탄수화물(g) : 170.5<br/>단백질(g) : 41.9<br/>지방(g) : 31.5<br/>비타민A(R.E) : 296.2<br/>티아민(mg) : 0.6<br/>리보플라빈(mg) : 0.7<br/>비타민C(mg) : 17.2<br/>칼슘(mg) : 214.8<br/>철분(mg) : 8.7,2.02103E+13
B10,서울특별시교육청,7010083,서울고등학교,2,중식,20210309,947,흑미밥<br/>사골우거지국5.6.13.16.<br/>볼어묵조림1.5.6.13.<br/>세발나물무침<br/>돼지고기짜장볶음5.6.10.13.16.<br/>총각김치9.,쌀 : 국내산<br/>김치류 : 국내산<br/>고춧가루(김치류) : 국내산<br/>쇠고기(종류) : 호주산<br/>돼지고기 : 국내산<br/>닭고기 : 국내산<br/>오리고기 : 국내산<br/>쇠고기 식육가공품 : <br/>돼지고기 식육가공품 : 국내산<br/>닭고기 식육가공품 : 국내산<br/>오리고기 가공품 : 국내산<br/>낙지 : 베트남산<br/>고등어 : 국내산<br/>갈치 : 국내산<br/>오징어 : 국내산<br/>꽃게 : 국내산<br/>참조기 : 국내산<br/>낙지 수산가공품 : 베트남산<br/>두부 : 국내산<br/>콩 : 국내산,1099.0 Kcal,탄수화물(g) : 157.8<br/>단백질(g) : 70.8<br/>지방(g) : 21.1<br/>비타민A(R.E) : 286.2<br/>티아민(mg) : 1.1<br/>리보플라빈(mg) : 0.8<br/>비타민C(mg) : 21.6<br/>칼슘(mg) : 206.8<br/>철분(mg) : 7.1,2.02103E+13
B10,서울특별시교육청,7010083,서울고등학교,2,중식,20210310,947,산채나물비빔밥5.<br/>북어국1.5.6.13.<br/>미역초무침(사과)13.<br/>달걀후라이1.5.<br/>뱅글뱅글쏘세지1.2.5.6.10.15.16.<br/>깍두기9.<br/>(학)약고추장5.6.10.13.<br/>일회용케찹12.<br/>멜론,쌀 : 국내산<br/>김치류 : 국내산<br/>고춧가루(김치류) : 국내산<br/>쇠고기(종류) : 호주산<br/>돼지고기 : 국내산<br/>닭고기 : 국내산<br/>오리고기 : 국내산<br/>쇠고기 식육가공품 : <br/>돼지고기 식육가공품 : 국내산<br/>닭고기 식육가공품 : 국내산<br/>오리고기 가공품 : 국내산<br/>낙지 : 베트남산<br/>고등어 : 국내산<br/>갈치 : 국내산<br/>오징어 : 국내산<br/>꽃게 : 국내산<br/>참조기 : 국내산<br/>낙지 수산가공품 : 베트남산<br/>두부 : 국내산<br/>콩 : 국내산,1162.0 Kcal,탄수화물(g) : 162.8<br/>단백질(g) : 41.9<br/>지방(g) : 38.8<br/>비타민A(R.E) : 255.0<br/>티아민(mg) : 0.4<br/>리보플라빈(mg) : 0.8<br/>비타민C(mg) : 30.8<br/>칼슘(mg) : 222.7<br/>철분(mg) : 5.6,2.02103E+13
B10,서울특별시교육청,7010083,서울고등학교,2,중식,20210311,947,잡곡밥5.<br/>오징어무국5.6.17.<br/>미나리초무침(버섯)5.6.13.<br/>소불고기5.6.13.16.<br/>달걀말이1.5.<br/>배추김치9.,쌀 : 국내산<br/>김치류 : 국내산<br/>고춧가루(김치류) : 국내산<br/>쇠고기(종류) : 호주산<br/>돼지고기 : 국내산<br/>닭고기 : 국내산<br/>오리고기 : 국내산<br/>쇠고기 식육가공품 : <br/>돼지고기 식육가공품 : 국내산<br/>닭고기 식육가공품 : 국내산<br/>오리고기 가공품 : 국내산<br/>낙지 : 베트남산<br/>고등어 : 국내산<br/>갈치 : 국내산<br/>오징어 : 국내산<br/>꽃게 : 국내산<br/>참조기 : 국내산<br/>낙지 수산가공품 : 베트남산<br/>두부 : 국내산<br/>콩 : 국내산,1137.8 Kcal,탄수화물(g) : 117.4<br/>단백질(g) : 58.7<br/>지방(g) : 46.5<br/>비타민A(R.E) : 235.0<br/>티아민(mg) : 0.4<br/>리보플라빈(mg) : 1.0<br/>비타민C(mg) : 18.7<br/>칼슘(mg) : 187.3<br/>철분(mg) : 7.0,2.02103E+13
B10,서울특별시교육청,7010083,서울고등학교,2,중식,20210312,947,약간밥(쌀밥)<br/>돼지고기된장라면1.2.5.6.9.10.13.15.16.18.<br/>수제치킨또띠아1.2.5.6.12.13.15.18.<br/>마늘쫑무침5.6.13.<br/>배추김치9.<br/>오렌지쥬스13.,쌀 : 국내산<br/>김치류 : 국내산<br/>고춧가루(김치류) : 국내산<br/>쇠고기(종류) : 호주산<br/>돼지고기 : 국내산<br/>닭고기 : 국내산<br/>오리고기 : 국내산<br/>쇠고기 식육가공품 : <br/>돼지고기 식육가공품 : 국내산<br/>닭고기 식육가공품 : 국내산<br/>오리고기 가공품 : 국내산<br/>낙지 : 베트남산<br/>고등어 : 국내산<br/>갈치 : 국내산<br/>오징어 : 국내산<br/>꽃게 : 국내산<br/>참조기 : 국내산<br/>낙지 수산가공품 : 베트남산<br/>두부 : 국내산<br/>콩 : 국내산,2030.1 Kcal,탄수화물(g) : 259.3<br/>단백질(g) : 75.4<br/>지방(g) : 76.4<br/>비타민A(R.E) : 158.7<br/>티아민(mg) : 1.7<br/>리보플라빈(mg) : 3.1<br/>비타민C(mg) : 78.0<br/>칼슘(mg) : 636.3<br/>철분(mg) : 6.3,2.02103E+13
B10,서울특별시교육청,7010083,서울고등학교,2,중식,20210315,929,보리밥<br/>쇠고기미역국<br/>소고기미역국5.6.16.<br/>매콤돼지갈비찜5.6.10.13.18.<br/>잡채5.6.10.13.<br/>시금치나물5.6.<br/>잡채<br/>배추김치9.<br/>우리쌀 생일설기,쌀 : 국내산<br/>김치류 : 국내산<br/>고춧가루(김치류) : 국내산<br/>쇠고기(종류) : 호주산<br/>돼지고기 : 국내산<br/>닭고기 : 국내산<br/>오리고기 : 국내산<br/>쇠고기 식육가공품 : <br/>돼지고기 식육가공품 : 국내산<br/>닭고기 식육가공품 : 국내산<br/>오리고기 가공품 : 국내산<br/>낙지 : 베트남산<br/>고등어 : 국내산<br/>갈치 : 국내산<br/>오징어 : 국내산<br/>꽃게 : 국내산<br/>참조기 : 국내산<br/>낙지 수산가공품 : 베트남산<br/>두부 : 국내산<br/>콩 : 국내산,1124.7 Kcal,탄수화물(g) : 173.9<br/>단백질(g) : 56.2<br/>지방(g) : 22.8<br/>비타민A(R.E) : 386.4<br/>티아민(mg) : 1.1<br/>리보플라빈(mg) : 0.8<br/>비타민C(mg) : 18.3<br/>칼슘(mg) : 165.2<br/>철분(mg) : 5.2,2.02103E+13
B10,서울특별시교육청,7010083,서울고등학교,2,중식,20210316,929,현미밥<br/>냉이된장국5.6.<br/>냉이된장국<br/>봄동겉절이13.<br/>불낙볶음5.6.13.16.<br/>해물파전1.5.6.9.13.17.<br/>총각김치9.<br/>양파초간장5.6.13.,쌀 : 국내산<br/>김치류 : 국내산<br/>고춧가루(김치류) : 국내산<br/>쇠고기(종류) : 호주산<br/>돼지고기 : 국내산<br/>닭고기 : 국내산<br/>오리고기 : 국내산<br/>쇠고기 식육가공품 : <br/>돼지고기 식육가공품 : 국내산<br/>닭고기 식육가공품 : 국내산<br/>오리고기 가공품 : 국내산<br/>낙지 : 베트남산<br/>고등어 : 국내산<br/>갈치 : 국내산<br/>오징어 : 국내산<br/>꽃게 : 국내산<br/>참조기 : 국내산<br/>낙지 수산가공품 : 베트남산<br/>두부 : 국내산<br/>콩 : 국내산,1006.7 Kcal,탄수화물(g) : 142.7<br/>단백질(g) : 52.5<br/>지방(g) : 25.1<br/>비타민A(R.E) : 326.0<br/>티아민(mg) : 0.4<br/>리보플라빈(mg) : 0.6<br/>비타민C(mg) : 19.1<br/>칼슘(mg) : 252.5<br/>철분(mg) : 9.9,2.02103E+13
B10,서울특별시교육청,7010083,서울고등학교,2,중식,20210317,929,추가)약간밥(쌀밥)<br/>미트소스스파게티1.2.5.6.10.12.13.15.16.<br/>크림소스스파게티1.2.5.6.10.13.<br/>마늘빵2.5.6.<br/>닭다리오븐구이(직화소스)5.6.12.13.15.18.<br/>추가)배추김치9.<br/>(완)오이피클<br/>사과쥬스13.<br/>양상추샐러드<br/>키위드레싱1.5.13.,쌀 : 국내산<br/>김치류 : 국내산<br/>고춧가루(김치류) : 국내산<br/>쇠고기(종류) : 호주산<br/>돼지고기 : 국내산<br/>닭고기 : 국내산<br/>오리고기 : 국내산<br/>쇠고기 식육가공품 : <br/>돼지고기 식육가공품 : 국내산<br/>닭고기 식육가공품 : 국내산<br/>오리고기 가공품 : 국내산<br/>낙지 : 베트남산<br/>고등어 : 국내산<br/>갈치 : 국내산<br/>오징어 : 국내산<br/>꽃게 : 국내산<br/>참조기 : 국내산<br/>낙지 수산가공품 : 베트남산<br/>두부 : 국내산<br/>콩 : 국내산,1937.3 Kcal,탄수화물(g) : 230.6<br/>단백질(g) : 78.9<br/>지방(g) : 83.4<br/>비타민A(R.E) : 489.4<br/>티아민(mg) : 0.8<br/>리보플라빈(mg) : 1.3<br/>비타민C(mg) : 40.2<br/>칼슘(mg) : 285.7<br/>철분(mg) : 6.7,2.02103E+13
B10,서울특별시교육청,7010083,서울고등학교,2,중식,20210318,929,잡곡밥5.<br/>고추장찌개(돈육)5.6.10.<br/>돼지고기달걀장조림1.5.6.10.13.16.<br/>계란장조림1.5.6.10.13.<br/>참나물무침5.6.13.<br/>가자미순살튀김(커틀렛)1.2.5.6.<br/>배추김치9.<br/>콘소스1.5.13.,쌀 : 국내산<br/>김치류 : 국내산<br/>고춧가루(김치류) : 국내산<br/>쇠고기(종류) : 호주산<br/>돼지고기 : 국내산<br/>닭고기 : 국내산<br/>오리고기 : 국내산<br/>쇠고기 식육가공품 : <br/>돼지고기 식육가공품 : 국내산<br/>닭고기 식육가공품 : 국내산<br/>오리고기 가공품 : 국내산<br/>낙지 : 베트남산<br/>고등어 : 국내산<br/>갈치 : 국내산<br/>오징어 : 국내산<br/>꽃게 : 국내산<br/>참조기 : 국내산<br/>낙지 수산가공품 : 베트남산<br/>두부 : 국내산<br/>콩 : 국내산,1412.8 Kcal,탄수화물(g) : 176.7<br/>단백질(g) : 92.0<br/>지방(g) : 35.6<br/>비타민A(R.E) : 289.8<br/>티아민(mg) : 1.2<br/>리보플라빈(mg) : 1.5<br/>비타민C(mg) : 36.9<br/>칼슘(mg) : 230.2<br/>철분(mg) : 6.9,2.02103E+13
B10,서울특별시교육청,7010083,서울고등학교,2,중식,20210319,929,비밥찜닭15.5.6.13.<br/>다시마무채국5.6.9.<br/>돌나물초장무침5.6.13.<br/>왕새우튀김1.5.6.9.<br/>깍두기9.<br/>마늘종타르타르소스1.5.13.<br/>파인애플,쌀 : 국내산<br/>김치류 : 국내산<br/>고춧가루(김치류) : 국내산<br/>쇠고기(종류) : 호주산<br/>돼지고기 : 국내산<br/>닭고기 : 국내산<br/>오리고기 : 국내산<br/>쇠고기 식육가공품 : <br/>돼지고기 식육가공품 : 국내산<br/>닭고기 식육가공품 : 국내산<br/>오리고기 가공품 : 국내산<br/>낙지 : 베트남산<br/>고등어 : 국내산<br/>갈치 : 국내산<br/>오징어 : 국내산<br/>꽃게 : 국내산<br/>참조기 : 국내산<br/>낙지 수산가공품 : 베트남산<br/>두부 : 국내산<br/>콩 : 국내산,1081.6 Kcal,탄수화물(g) : 166.9<br/>단백질(g) : 31.9<br/>지방(g) : 31.9<br/>비타민A(R.E) : 232.5<br/>티아민(mg) : 0.3<br/>리보플라빈(mg) : 0.5<br/>비타민C(mg) : 53.9<br/>칼슘(mg) : 273.3<br/>철분(mg) : 6.6,2.02103E+13
B10,서울특별시교육청,7010083,서울고등학교,2,중식,20210322,947,현미밥<br/>감자수제비국<br/>감자수제비국1.5.6.<br/>오이무침(식초)5.6.13.<br/>콩나물돼지고기고추장불고기5.6.10.13.<br/>스크램블에그1.5.10.<br/>스크램블드에그<br/>배추김치9.,쌀 : 국내산<br/>김치류 : 국내산<br/>고춧가루(김치류) : 국내산<br/>쇠고기(종류) : 호주산<br/>돼지고기 : 국내산<br/>닭고기 : 국내산<br/>오리고기 : 국내산<br/>쇠고기 식육가공품 : <br/>돼지고기 식육가공품 : 국내산<br/>닭고기 식육가공품 : 국내산<br/>오리고기 가공품 : 국내산<br/>낙지 : 베트남산<br/>고등어 : 국내산<br/>갈치 : 국내산<br/>오징어 : 국내산<br/>꽃게 : 국내산<br/>참조기 : 국내산<br/>낙지 수산가공품 : 베트남산<br/>두부 : 국내산<br/>콩 : 국내산,1075.5 Kcal,탄수화물(g) : 155.0<br/>단백질(g) : 66.1<br/>지방(g) : 23.9<br/>비타민A(R.E) : 289.2<br/>티아민(mg) : 1.2<br/>리보플라빈(mg) : 1.1<br/>비타민C(mg) : 34.4<br/>칼슘(mg) : 234.5<br/>철분(mg) : 5.8,2.02103E+13
B10,서울특별시교육청,7010083,서울고등학교,2,중식,20210323,960,흑미밥<br/>소고기무국5.6.13.16.<br/>알감자버터구이2.5.13.<br/>눈꽃치즈불닭2.5.6.13.15.<br/>무나물볶음<br/>치즈불닭볶음<br/>배추김치9.,쌀 : 국내산<br/>김치류 : 국내산<br/>고춧가루(김치류) : 국내산<br/>쇠고기(종류) : 호주산<br/>돼지고기 : 국내산<br/>닭고기 : 국내산<br/>오리고기 : 국내산<br/>쇠고기 식육가공품 : <br/>돼지고기 식육가공품 : 국내산<br/>닭고기 식육가공품 : 국내산<br/>오리고기 가공품 : 국내산<br/>낙지 : 베트남산<br/>고등어 : 국내산<br/>갈치 : 국내산<br/>오징어 : 국내산<br/>꽃게 : 국내산<br/>참조기 : 국내산<br/>낙지 수산가공품 : 베트남산<br/>두부 : 국내산<br/>콩 : 국내산,1021.2 Kcal,탄수화물(g) : 152.8<br/>단백질(g) : 57.3<br/>지방(g) : 22.6<br/>비타민A(R.E) : 140.0<br/>티아민(mg) : 0.5<br/>리보플라빈(mg) : 0.4<br/>비타민C(mg) : 25.1<br/>칼슘(mg) : 119.6<br/>철분(mg) : 4.5,2.02103E+13
B10,서울특별시교육청,7010083,서울고등학교,2,중식,20210324,947,갈릭목살볶음밥5.6.10.13.18.<br/>마늘볶음밥<br/>유부장국5.6.<br/>푸실리샐러드1.2.5.6.12.13.<br/>노엣지베이컨파이브치즈피자1.2.12.13.15.16.5.6.10.<br/>깍두기9.<br/>수제진짜딸기우유2.13.,쌀 : 국내산<br/>김치류 : 국내산<br/>고춧가루(김치류) : 국내산<br/>쇠고기(종류) : 호주산<br/>돼지고기 : 국내산<br/>닭고기 : 국내산<br/>오리고기 : 국내산<br/>쇠고기 식육가공품 : <br/>돼지고기 식육가공품 : 국내산<br/>닭고기 식육가공품 : 국내산<br/>오리고기 가공품 : 국내산<br/>낙지 : 베트남산<br/>고등어 : 국내산<br/>갈치 : 국내산<br/>오징어 : 국내산<br/>꽃게 : 국내산<br/>참조기 : 국내산<br/>낙지 수산가공품 : 베트남산<br/>두부 : 국내산<br/>콩 : 국내산,1417.2 Kcal,탄수화물(g) : 207.7<br/>단백질(g) : 63.8<br/>지방(g) : 43.9<br/>비타민A(R.E) : 265.0<br/>티아민(mg) : 0.8<br/>리보플라빈(mg) : 0.9<br/>비타민C(mg) : 86.9<br/>칼슘(mg) : 405.0<br/>철분(mg) : 4.3,2.02103E+13
B10,서울특별시교육청,7010083,서울고등학교,2,중식,20210325,944,보리밥<br/>삼색조랭이떡국1.5.6.13.16.<br/>연근견과류조림4.5.6.13.14.<br/>쭈삼불고기(주꾸미+대패삼겹)5.6.10.13.<br/>쭈꾸미두루치기<br/>수제야채튀김5.6.<br/>배추김치9.<br/>미니초간장5.6.,쌀 : 국내산<br/>김치류 : 국내산<br/>고춧가루(김치류) : 국내산<br/>쇠고기(종류) : 호주산<br/>돼지고기 : 국내산<br/>닭고기 : 국내산<br/>오리고기 : 국내산<br/>쇠고기 식육가공품 : <br/>돼지고기 식육가공품 : 국내산<br/>닭고기 식육가공품 : 국내산<br/>오리고기 가공품 : 국내산<br/>낙지 : 베트남산<br/>고등어 : 국내산<br/>갈치 : 국내산<br/>오징어 : 국내산<br/>꽃게 : 국내산<br/>참조기 : 국내산<br/>낙지 수산가공품 : 베트남산<br/>두부 : 국내산<br/>콩 : 국내산,1293.4 Kcal,탄수화물(g) : 204.6<br/>단백질(g) : 51.2<br/>지방(g) : 31.6<br/>비타민A(R.E) : 359.6<br/>티아민(mg) : 0.9<br/>리보플라빈(mg) : 0.8<br/>비타민C(mg) : 24.9<br/>칼슘(mg) : 182.1<br/>철분(mg) : 7.3,2.02104E+13
B10,서울특별시교육청,7010083,서울고등학교,2,중식,20210326,944,잡곡밥5.<br/>부대찌개(탕)1.2.5.6.9.10.12.13.15.16.<br/>돈사태찜5.6.10.13.18.<br/>돼지갈비찜<br/>크런치스파이시생선까스1.5.6.<br/>깍두기9.<br/>생깻잎지9.<br/>크리미양파드레싱1.2.5.6.,쌀 : 국내산<br/>김치류 : 국내산<br/>고춧가루(김치류) : 국내산<br/>쇠고기(종류) : 호주산<br/>돼지고기 : 국내산<br/>닭고기 : 국내산<br/>오리고기 : 국내산<br/>쇠고기 식육가공품 : <br/>돼지고기 식육가공품 : 국내산<br/>닭고기 식육가공품 : 국내산<br/>오리고기 가공품 : 국내산<br/>낙지 : 베트남산<br/>고등어 : 국내산<br/>갈치 : 국내산<br/>오징어 : 국내산<br/>꽃게 : 국내산<br/>참조기 : 국내산<br/>낙지 수산가공품 : 베트남산<br/>두부 : 국내산<br/>콩 : 국내산,1515.1 Kcal,탄수화물(g) : 144.2<br/>단백질(g) : 74.3<br/>지방(g) : 70.5<br/>비타민A(R.E) : 161.0<br/>티아민(mg) : 1.3<br/>리보플라빈(mg) : 0.9<br/>비타민C(mg) : 24.8<br/>칼슘(mg) : 194.0<br/>철분(mg) : 6.7,2.02104E+13
B10,서울특별시교육청,7010083,서울고등학교,2,중식,20210329,929,보리밥<br/>버섯매운국16.<br/>소세지조림(바베큐소스)1.2.5.6.10.12.13.15.16.<br/>찜닭5.6.13.15.16.<br/>콩나물무침5.<br/>비엔나케찹볶음<br/>배추김치9.,쌀 : 국내산<br/>김치류 : 국내산<br/>고춧가루(김치류) : 국내산<br/>쇠고기(종류) : 호주산<br/>돼지고기 : 국내산<br/>닭고기 : 국내산<br/>오리고기 : 국내산<br/>쇠고기 식육가공품 : <br/>돼지고기 식육가공품 : 국내산<br/>닭고기 식육가공품 : 국내산<br/>오리고기 가공품 : 국내산<br/>낙지 : 베트남산<br/>고등어 : 국내산<br/>갈치 : 국내산<br/>오징어 : 국내산<br/>꽃게 : 국내산<br/>참조기 : 국내산<br/>낙지 수산가공품 : 베트남산<br/>두부 : 국내산<br/>콩 : 국내산,1039.1 Kcal,탄수화물(g) : 125.0<br/>단백질(g) : 66.2<br/>지방(g) : 31.4<br/>비타민A(R.E) : 205.0<br/>티아민(mg) : 0.8<br/>리보플라빈(mg) : 0.7<br/>비타민C(mg) : 48.1<br/>칼슘(mg) : 148.3<br/>철분(mg) : 5.3,2.02104E+13
B10,서울특별시교육청,7010083,서울고등학교,2,중식,20210330,929,현미밥<br/>비빔막국수3.4.5.6.13.<br/>배추된장국5.6.<br/>배추된장국<br/>돈육보쌈5.6.10.13.<br/>도톰해물완자전1.2.5.6.8.9.16.17.18.<br/>보쌈김치9.,쌀 : 국내산<br/>김치류 : 국내산<br/>고춧가루(김치류) : 국내산<br/>쇠고기(종류) : 호주산<br/>돼지고기 : 국내산<br/>닭고기 : 국내산<br/>오리고기 : 국내산<br/>쇠고기 식육가공품 : <br/>돼지고기 식육가공품 : 국내산<br/>닭고기 식육가공품 : 국내산<br/>오리고기 가공품 : 국내산<br/>낙지 : 베트남산<br/>고등어 : 국내산<br/>갈치 : 국내산<br/>오징어 : 국내산<br/>꽃게 : 국내산<br/>참조기 : 국내산<br/>낙지 수산가공품 : 베트남산<br/>두부 : 국내산<br/>콩 : 국내산,1298.6 Kcal,탄수화물(g) : 148.2<br/>단백질(g) : 62.2<br/>지방(g) : 51.5<br/>비타민A(R.E) : 166.0<br/>티아민(mg) : 1.4<br/>리보플라빈(mg) : 1.1<br/>비타민C(mg) : 10.5<br/>칼슘(mg) : 138.7<br/>철분(mg) : 7.0,2.02104E+13
B10,서울특별시교육청,7010083,서울고등학교,2,중식,20210331,929,잡곡밥5.<br/>닭다리삼계탕15.<br/>도토리묵무침<br/>도토리묵무침5.6.13.<br/>포테이토큐브핫도그1.2.5.6.10.16.<br/>석박지9.<br/>일회용케찹12.<br/>포도쥬스13.,쌀 : 국내산<br/>김치류 : 국내산<br/>고춧가루(김치류) : 국내산<br/>쇠고기(종류) : 호주산<br/>돼지고기 : 국내산<br/>닭고기 : 국내산<br/>오리고기 : 국내산<br/>쇠고기 식육가공품 : <br/>돼지고기 식육가공품 : 국내산<br/>닭고기 식육가공품 : 국내산<br/>오리고기 가공품 : 국내산<br/>낙지 : 베트남산<br/>고등어 : 국내산<br/>갈치 : 국내산<br/>오징어 : 국내산<br/>꽃게 : 국내산<br/>참조기 : 국내산<br/>낙지 수산가공품 : 베트남산<br/>두부 : 국내산<br/>콩 : 국내산,1269.5 Kcal,탄수화물(g) : 171.4<br/>단백질(g) : 62.1<br/>지방(g) : 37.5<br/>비타민A(R.E) : 190.9<br/>티아민(mg) : 0.5<br/>리보플라빈(mg) : 0.6<br/>비타민C(mg) : 7.6<br/>칼슘(mg) : 205.6<br/>철분(mg) : 4.9,2.02104E+13
B10,서울특별시교육청,7010083,서울고등학교,2,중식,20210401,910,쌀밥<br/>생크림오레오와플1.2.5.6.13.<br/>쇠고기미역국5.6.13.<br/>매운돼지갈비찜5.6.10.13.<br/>삼색나물5.6.<br/>잡채5.6.8.10.13.<br/>배추김치9.13.,쌀 : 국내산<br/>김치류 : 국내산<br/>고춧가루(김치류) : 국내산<br/>쇠고기(종류) : 국내산(한우)<br/>돼지고기 : 국내산<br/>닭고기 : 국내산<br/>오리고기 : 국내산<br/>쇠고기 식육가공품 : 국내산<br/>돼지고기 식육가공품 : 국내산<br/>닭고기 식육가공품 : 국내산<br/>오리고기 가공품 : 국내산<br/>낙지 : 국내산<br/>고등어 : 국내산<br/>갈치 : 국내산<br/>오징어 : 국내산<br/>꽃게 : 국내산<br/>참조기 : 국내산<br/>콩 : 국내산,1366.0 Kcal,탄수화물(g) : 192.7<br/>단백질(g) : 58.2<br/>지방(g) : 42.9<br/>비타민A(R.E) : 642.4<br/>티아민(mg) : 1.4<br/>리보플라빈(mg) : 1.3<br/>비타민C(mg) : 27.5<br/>칼슘(mg) : 217.1<br/>철분(mg) : 6.1,2.02104E+13
B10,서울특별시교육청,7010083,서울고등학교,2,중식,20210405,930,수수밥<br/>육개장1.5.6.13.16.<br/>모듬장조림1.5.6.10.13.<br/>근대무침5.6.<br/>해물동그랑땡전1.2.10.5.6.9.<br/>배추김치9.13.<br/>식목일케이크1.2.5.6.13.,쌀 : 국내산<br/>김치류 : 국내산<br/>고춧가루(김치류) : 국내산<br/>쇠고기(종류) : 국내산(한우)<br/>돼지고기 : 국내산<br/>닭고기 : 국내산<br/>오리고기 : 국내산<br/>쇠고기 식육가공품 : 국내산<br/>돼지고기 식육가공품 : 국내산<br/>닭고기 식육가공품 : 국내산<br/>오리고기 가공품 : 국내산<br/>낙지 : 국내산<br/>고등어 : 국내산<br/>갈치 : 국내산<br/>오징어 : 국내산<br/>꽃게 : 국내산<br/>참조기 : 국내산<br/>콩 : 국내산,1200.3 Kcal,탄수화물(g) : 155.8<br/>단백질(g) : 55.1<br/>지방(g) : 28.0<br/>비타민A(R.E) : 386.6<br/>티아민(mg) : 1.0<br/>리보플라빈(mg) : 5.1<br/>비타민C(mg) : 14.4<br/>칼슘(mg) : 183.1<br/>철분(mg) : 8.9,2.02104E+13
B10,서울특별시교육청,7010083,서울고등학교,2,중식,20210406,930,김치볶음밥1.5.6.9.10.13.<br/>유부된장국5.6.13.<br/>순살파닭1.2.5.6.13.15.<br/>깍두기(완)9.13.<br/>스위트플럼쥬스5.13.<br/>황도양상추샐러드1.2.5.6.9.11.12.13.,쌀 : 국내산<br/>김치류 : 국내산<br/>고춧가루(김치류) : 국내산<br/>쇠고기(종류) : 국내산(한우)<br/>돼지고기 : 국내산<br/>닭고기 : 국내산<br/>오리고기 : 국내산<br/>쇠고기 식육가공품 : 국내산<br/>돼지고기 식육가공품 : 국내산<br/>닭고기 식육가공품 : 국내산<br/>오리고기 가공품 : 국내산<br/>낙지 : 국내산<br/>고등어 : 국내산<br/>갈치 : 국내산<br/>오징어 : 국내산<br/>꽃게 : 국내산<br/>참조기 : 국내산<br/>콩 : 국내산,1063.8 Kcal,탄수화물(g) : 165.7<br/>단백질(g) : 56.4<br/>지방(g) : 19.8<br/>비타민A(R.E) : 191.8<br/>티아민(mg) : 0.6<br/>리보플라빈(mg) : 0.5<br/>비타민C(mg) : 23.7<br/>칼슘(mg) : 175.9<br/>철분(mg) : 4.6,2.02104E+13
B10,서울특별시교육청,7010083,서울고등학교,2,중식,20210408,930,전주비빔밥1.5.6.<br/>전주초코파이1.2.5.6.11.13.<br/>전주식콩나물국5.13.<br/>명엽채조림4.5.6.13.<br/>떡갈비구이2.5.6.10.12.13.<br/>배추김치9.13.<br/>요구르트2.,쌀 : 국내산<br/>김치류 : 국내산<br/>고춧가루(김치류) : 국내산<br/>쇠고기(종류) : 국내산(한우)<br/>돼지고기 : 국내산<br/>닭고기 : 국내산<br/>오리고기 : 국내산<br/>쇠고기 식육가공품 : 국내산<br/>돼지고기 식육가공품 : 국내산<br/>닭고기 식육가공품 : 국내산<br/>오리고기 가공품 : 국내산<br/>낙지 : 국내산<br/>고등어 : 국내산<br/>갈치 : 국내산<br/>오징어 : 국내산<br/>꽃게 : 국내산<br/>참조기 : 국내산<br/>콩 : 국내산,985.1 Kcal,탄수화물(g) : 127.7<br/>단백질(g) : 51.2<br/>지방(g) : 31.1<br/>비타민A(R.E) : 327.5<br/>티아민(mg) : 0.8<br/>리보플라빈(mg) : 0.8<br/>비타민C(mg) : 22.8<br/>칼슘(mg) : 265.8<br/>철분(mg) : 6.7,2.02104E+13
B10,서울특별시교육청,7010083,서울고등학교,2,중식,20210409,930,잡곡밥5.<br/>순대국6.10.13.16.<br/>삼색고구마조림5.6.13.<br/>깻잎지5.6.9.13.<br/>코다리강정5.6.12.<br/>석박지9.13.,쌀 : 국내산<br/>김치류 : 국내산<br/>고춧가루(김치류) : 국내산<br/>쇠고기(종류) : 국내산(한우)<br/>돼지고기 : 국내산<br/>닭고기 : 국내산<br/>오리고기 : 국내산<br/>쇠고기 식육가공품 : 국내산<br/>돼지고기 식육가공품 : 국내산<br/>닭고기 식육가공품 : 국내산<br/>오리고기 가공품 : 국내산<br/>낙지 : 국내산<br/>고등어 : 국내산<br/>갈치 : 국내산<br/>오징어 : 국내산<br/>꽃게 : 국내산<br/>참조기 : 국내산<br/>콩 : 국내산,1208.2 Kcal,탄수화물(g) : 216.8<br/>단백질(g) : 52.0<br/>지방(g) : 18.2<br/>비타민A(R.E) : 331.9<br/>티아민(mg) : 0.7<br/>리보플라빈(mg) : 0.7<br/>비타민C(mg) : 13.6<br/>칼슘(mg) : 230.9<br/>철분(mg) : 8.6,2.02104E+13
B10,서울특별시교육청,7010083,서울고등학교,2,중식,20210412,910,기장밥<br/>부대찌개2.5.6.9.10.13.<br/>삼색묵무침2.5.6.9.13.15.16.<br/>쑥갓나물<br/>연어구이&웨지감자1.2.5.6.7.13.<br/>깍두기(완)9.13.,쌀 : 국내산<br/>김치류 : 국내산<br/>고춧가루(김치류) : 국내산<br/>쇠고기(종류) : 국내산(한우)<br/>돼지고기 : 국내산<br/>닭고기 : 국내산<br/>오리고기 : 국내산<br/>쇠고기 식육가공품 : 국내산<br/>돼지고기 식육가공품 : 국내산<br/>닭고기 식육가공품 : 국내산<br/>오리고기 가공품 : 국내산<br/>낙지 : 국내산<br/>고등어 : 국내산<br/>갈치 : 국내산<br/>오징어 : 국내산<br/>꽃게 : 국내산<br/>참조기 : 국내산<br/>콩 : 국내산,1093.4 Kcal,탄수화물(g) : 158.8<br/>단백질(g) : 46.5<br/>지방(g) : 31.3<br/>비타민A(R.E) : 195.6<br/>티아민(mg) : 0.8<br/>리보플라빈(mg) : 0.6<br/>비타민C(mg) : 27.3<br/>칼슘(mg) : 172.5<br/>철분(mg) : 5.9,2.02104E+13
B10,서울특별시교육청,7010083,서울고등학교,2,중식,20210413,910,잡곡밥5.<br/>쇠고기무국13.<br/>브로콜리된장무침5.6.<br/>제육고추장볶음5.6.10.13.<br/>계란말이1.2.5.6.13.<br/>배추김치9.13.,쌀 : 국내산<br/>김치류 : 국내산<br/>고춧가루(김치류) : 국내산<br/>쇠고기(종류) : 국내산(한우)<br/>돼지고기 : 국내산<br/>닭고기 : 국내산<br/>오리고기 : 국내산<br/>쇠고기 식육가공품 : 국내산<br/>돼지고기 식육가공품 : 국내산<br/>닭고기 식육가공품 : 국내산<br/>오리고기 가공품 : 국내산<br/>낙지 : 국내산<br/>고등어 : 국내산<br/>갈치 : 국내산<br/>오징어 : 국내산<br/>꽃게 : 국내산<br/>참조기 : 국내산<br/>콩 : 국내산,1082.0 Kcal,탄수화물(g) : 142.0<br/>단백질(g) : 69.1<br/>지방(g) : 29.5<br/>비타민A(R.E) : 380.5<br/>티아민(mg) : 1.2<br/>리보플라빈(mg) : 1.3<br/>비타민C(mg) : 23.1<br/>칼슘(mg) : 169.9<br/>철분(mg) : 6.6,2.02104E+13
B10,서울특별시교육청,7010083,서울고등학교,2,중식,20210414,910,자장면2.5.6.9.10.13.<br/>짬뽕1.5.6.9.13.<br/>왕만두1.5.6.10.13.16.18.<br/>단무지무침<br/>후르츠탕수육1.5.6.10.11.12.13.<br/>배추김치9.13.<br/>아이스망고5.13.,쌀 : 국내산<br/>김치류 : 국내산<br/>고춧가루(김치류) : 국내산<br/>쇠고기(종류) : 국내산(한우)<br/>돼지고기 : 국내산<br/>닭고기 : 국내산<br/>오리고기 : 국내산<br/>쇠고기 식육가공품 : 국내산<br/>돼지고기 식육가공품 : 국내산<br/>닭고기 식육가공품 : 국내산<br/>오리고기 가공품 : 국내산<br/>낙지 : 국내산<br/>고등어 : 국내산<br/>갈치 : 국내산<br/>오징어 : 국내산<br/>꽃게 : 국내산<br/>참조기 : 국내산<br/>콩 : 국내산,1596.6 Kcal,탄수화물(g) : 242.2<br/>단백질(g) : 75.4<br/>지방(g) : 35.7<br/>비타민A(R.E) : 397.7<br/>티아민(mg) : 1.2<br/>리보플라빈(mg) : 0.7<br/>비타민C(mg) : 52.2<br/>칼슘(mg) : 221.2<br/>철분(mg) : 6.5,2.02104E+13
B10,서울특별시교육청,7010083,서울고등학교,2,중식,20210415,910,쌀밥<br/>조랭이떡국1.13.<br/>안동닭찜2.5.6.8.13.<br/>견과류멸치볶음4.5.13.<br/>볶음김치&찐두부9.10.13.<br/>키위사과쥬스5.13.,쌀 : 국내산<br/>김치류 : 국내산<br/>고춧가루(김치류) : 국내산<br/>쇠고기(종류) : 국내산(한우)<br/>돼지고기 : 국내산<br/>닭고기 : 국내산<br/>오리고기 : 국내산<br/>쇠고기 식육가공품 : 국내산<br/>돼지고기 식육가공품 : 국내산<br/>닭고기 식육가공품 : 국내산<br/>오리고기 가공품 : 국내산<br/>낙지 : 국내산<br/>고등어 : 국내산<br/>갈치 : 국내산<br/>오징어 : 국내산<br/>꽃게 : 국내산<br/>참조기 : 국내산<br/>콩 : 국내산,1191.8 Kcal,탄수화물(g) : 190.9<br/>단백질(g) : 61.3<br/>지방(g) : 22.3<br/>비타민A(R.E) : 249.7<br/>티아민(mg) : 0.6<br/>리보플라빈(mg) : 0.6<br/>비타민C(mg) : 16.5<br/>칼슘(mg) : 228.6<br/>철분(mg) : 5.9,2.02104E+13
B10,서울특별시교육청,7010083,서울고등학교,2,중식,20210416,910,미소된장국5.6.13.<br/>청경채무침<br/>고추참치덮밥5.6.13.<br/>지파이타코5.6.12.13.<br/>마카로니콘샐러드1.2.5.6.13.<br/>배추김치9.13.,쌀 : 국내산<br/>김치류 : 국내산<br/>고춧가루(김치류) : 국내산<br/>쇠고기(종류) : 국내산(한우)<br/>돼지고기 : 국내산<br/>닭고기 : 국내산<br/>오리고기 : 국내산<br/>쇠고기 식육가공품 : 국내산<br/>돼지고기 식육가공품 : 국내산<br/>닭고기 식육가공품 : 국내산<br/>오리고기 가공품 : 국내산<br/>낙지 : 국내산<br/>고등어 : 국내산<br/>갈치 : 국내산<br/>오징어 : 국내산<br/>꽃게 : 국내산<br/>참조기 : 국내산<br/>콩 : 국내산,1141.4 Kcal,탄수화물(g) : 159.5<br/>단백질(g) : 45.9<br/>지방(g) : 36.4<br/>비타민A(R.E) : 301.3<br/>티아민(mg) : 1.1<br/>리보플라빈(mg) : 0.9<br/>비타민C(mg) : 26.1<br/>칼슘(mg) : 148.2<br/>철분(mg) : 7.9,2.02104E+13
B10,서울특별시교육청,7010083,서울고등학교,2,중식,20210419,930,찹쌀밥<br/>콩나물무침5.<br/>궁중떡잡채1.5.6.10.13.<br/>춘천식닭갈비2.5.6.13.<br/>해물누룽지탕5.6.10.13.<br/>배추김치9.13.,쌀 : 국내산<br/>김치류 : 국내산<br/>고춧가루(김치류) : 국내산<br/>쇠고기(종류) : 국내산(한우)<br/>돼지고기 : 국내산<br/>닭고기 : 국내산<br/>오리고기 : 국내산<br/>쇠고기 식육가공품 : 국내산<br/>돼지고기 식육가공품 : 국내산<br/>닭고기 식육가공품 : 국내산<br/>오리고기 가공품 : 국내산<br/>낙지 : 국내산<br/>고등어 : 국내산<br/>갈치 : 국내산<br/>오징어 : 국내산<br/>꽃게 : 국내산<br/>참조기 : 국내산<br/>콩 : 국내산,1066.6 Kcal,탄수화물(g) : 196.9<br/>단백질(g) : 59.0<br/>지방(g) : 10.4<br/>비타민A(R.E) : 450.9<br/>티아민(mg) : 0.8<br/>리보플라빈(mg) : 0.6<br/>비타민C(mg) : 23.3<br/>칼슘(mg) : 151.9<br/>철분(mg) : 4.5,2.02104E+13
B10,서울특별시교육청,7010083,서울고등학교,2,중식,20210420,930,현미밥<br/>쑥갓어묵탕1.5.6.13.<br/>쫄면야채무침3.5.6.13.<br/>오이지무침13.<br/>제육버섯불고기2.5.6.10.13.<br/>배추김치13.9.,쌀 : 국내산<br/>김치류 : 국내산<br/>고춧가루(김치류) : 국내산<br/>쇠고기(종류) : 국내산(한우)<br/>돼지고기 : 국내산<br/>닭고기 : 국내산<br/>오리고기 : 국내산<br/>쇠고기 식육가공품 : 국내산<br/>돼지고기 식육가공품 : 국내산<br/>닭고기 식육가공품 : 국내산<br/>오리고기 가공품 : 국내산<br/>낙지 : 국내산<br/>고등어 : 국내산<br/>갈치 : 국내산<br/>오징어 : 국내산<br/>꽃게 : 국내산<br/>참조기 : 국내산<br/>콩 : 국내산,955.3 Kcal,탄수화물(g) : 154.1<br/>단백질(g) : 53.2<br/>지방(g) : 16.4<br/>비타민A(R.E) : 298.5<br/>티아민(mg) : 1.2<br/>리보플라빈(mg) : 0.8<br/>비타민C(mg) : 13.9<br/>칼슘(mg) : 159.9<br/>철분(mg) : 6.6,2.02104E+13
B10,서울특별시교육청,7010083,서울고등학교,2,중식,20210421,930,야채볶음밥2.5.6.13.9.10.<br/>팽이버섯된장국5.6.13.<br/>타워스테이크1.2.5.6.9.10.12.13.15.18.<br/>배추김치9.13.<br/>포도쥬스5.13.<br/>양상추샐러드1.2.5.6.9.11.12.13.,쌀 : 국내산<br/>김치류 : 국내산<br/>고춧가루(김치류) : 국내산<br/>쇠고기(종류) : 국내산(한우)<br/>돼지고기 : 국내산<br/>닭고기 : 국내산<br/>오리고기 : 국내산<br/>쇠고기 식육가공품 : 국내산<br/>돼지고기 식육가공품 : 국내산<br/>닭고기 식육가공품 : 국내산<br/>오리고기 가공품 : 국내산<br/>낙지 : 국내산<br/>고등어 : 국내산<br/>갈치 : 국내산<br/>오징어 : 국내산<br/>꽃게 : 국내산<br/>참조기 : 국내산<br/>콩 : 국내산,1033.8 Kcal,탄수화물(g) : 153.2<br/>단백질(g) : 32.7<br/>지방(g) : 34.7<br/>비타민A(R.E) : 135.2<br/>티아민(mg) : 0.7<br/>리보플라빈(mg) : 0.8<br/>비타민C(mg) : 28.7<br/>칼슘(mg) : 169.0<br/>철분(mg) : 5.6,2.02104E+13
B10,서울특별시교육청,7010083,서울고등학교,2,중식,20210429,920,보리밥<br/>된장찌개5.6.13.<br/>상추겉절이5.6.13.<br/>부들어묵맛살볶음1.5.6.13.<br/>삼겹살로스구이5.6.10.<br/>배추김치9.13.,쌀 : 국내산<br/>김치류 : 국내산<br/>고춧가루(김치류) : 국내산<br/>쇠고기(종류) : 국내산(한우)<br/>돼지고기 : 국내산<br/>닭고기 : 국내산<br/>오리고기 : 국내산<br/>쇠고기 식육가공품 : 국내산<br/>돼지고기 식육가공품 : 국내산<br/>닭고기 식육가공품 : 국내산<br/>오리고기 가공품 : 국내산<br/>낙지 : 국내산<br/>고등어 : 국내산<br/>갈치 : 국내산<br/>오징어 : 국내산<br/>꽃게 : 국내산<br/>참조기 : 국내산<br/>콩 : 국내산,1193.5 Kcal,탄수화물(g) : 126.3<br/>단백질(g) : 52.8<br/>지방(g) : 54.8<br/>비타민A(R.E) : 220.9<br/>티아민(mg) : 1.5<br/>리보플라빈(mg) : 0.9<br/>비타민C(mg) : 19.2<br/>칼슘(mg) : 153.2<br/>철분(mg) : 6.8,2.02105E+13
B10,서울특별시교육청,7010083,서울고등학교,2,중식,20210430,920,쌀밥<br/>닭칼국수5.6.<br/>연근호두조림5.6.13.<br/>도토리묵무침5.6.13.<br/>비엔나미트볼조림1.2.5.6.10.12.13.<br/>배추김치9.13.<br/>바나나,쌀 : 국내산<br/>김치류 : 국내산<br/>고춧가루(김치류) : 국내산<br/>쇠고기(종류) : 국내산(한우)<br/>돼지고기 : 국내산<br/>닭고기 : 국내산<br/>오리고기 : 국내산<br/>쇠고기 식육가공품 : 국내산<br/>돼지고기 식육가공품 : 국내산<br/>닭고기 식육가공품 : 국내산<br/>오리고기 가공품 : 국내산<br/>낙지 : 국내산<br/>고등어 : 국내산<br/>갈치 : 국내산<br/>오징어 : 국내산<br/>꽃게 : 국내산<br/>참조기 : 국내산<br/>콩 : 국내산,1191.6 Kcal,탄수화물(g) : 177.9<br/>단백질(g) : 47.1<br/>지방(g) : 32.3<br/>비타민A(R.E) : 235.0<br/>티아민(mg) : 0.6<br/>리보플라빈(mg) : 0.6<br/>비타민C(mg) : 55.6<br/>칼슘(mg) : 146.0<br/>철분(mg) : 4.3,2.02105E+13
B10,서울특별시교육청,7010083,서울고등학교,2,중식,20210503,930,혼합잡곡밥5.<br/>된장찌개5.6.13.<br/>계란찜1.2.5.6.9.13.<br/>시금치무침<br/>제육고추장볶음5.6.10.13.<br/>배추김치9.13.,쌀 : 국내산<br/>김치류 : 국내산<br/>고춧가루(김치류) : 국내산<br/>쇠고기(종류) : 국내산(한우)<br/>돼지고기 : 국내산<br/>닭고기 : 국내산<br/>오리고기 : 국내산<br/>쇠고기 식육가공품 : 국내산<br/>돼지고기 식육가공품 : 국내산<br/>닭고기 식육가공품 : 국내산<br/>오리고기 가공품 : 국내산<br/>낙지 : 국내산<br/>고등어 : 국내산<br/>갈치 : 국내산<br/>오징어 : 국내산<br/>꽃게 : 국내산<br/>참조기 : 국내산<br/>콩 : 국내산,932.6 Kcal,탄수화물(g) : 143.8<br/>단백질(g) : 59.0<br/>지방(g) : 17.9<br/>비타민A(R.E) : 660.8<br/>티아민(mg) : 1.2<br/>리보플라빈(mg) : 1.3<br/>비타민C(mg) : 31.9<br/>칼슘(mg) : 176.2<br/>철분(mg) : 6.7,2.02105E+13
B10,서울특별시교육청,7010083,서울고등학교,2,중식,20210504,930,미트소스스파게티1.2.5.6.10.12.13.<br/>브리오슈수제버거1.2.5.6.10.12.13.15.16.<br/>옥수수스프1.2.5.6.13.<br/>마카롱케이크1.2.5.6.13.<br/>모듬야채피클13.<br/>양상추샐러드1.2.5.6.9.11.12.13.,쌀 : 국내산<br/>김치류 : 국내산<br/>고춧가루(김치류) : 국내산<br/>쇠고기(종류) : 국내산(한우)<br/>돼지고기 : 국내산<br/>닭고기 : 국내산<br/>오리고기 : 국내산<br/>쇠고기 식육가공품 : 국내산<br/>돼지고기 식육가공품 : 국내산<br/>닭고기 식육가공품 : 국내산<br/>오리고기 가공품 : 국내산<br/>낙지 : 국내산<br/>고등어 : 국내산<br/>갈치 : 국내산<br/>오징어 : 국내산<br/>꽃게 : 국내산<br/>참조기 : 국내산<br/>콩 : 국내산,1121.0 Kcal,탄수화물(g) : 152.7<br/>단백질(g) : 42.1<br/>지방(g) : 27.9<br/>비타민A(R.E) : 355.2<br/>티아민(mg) : 0.7<br/>리보플라빈(mg) : 1.0<br/>비타민C(mg) : 21.4<br/>칼슘(mg) : 259.0<br/>철분(mg) : 4.2,2.02105E+13
B10,서울특별시교육청,7010083,서울고등학교,2,중식,20210507,930,흑미밥5.<br/>닭곰탕5.6.8.13.<br/>하트만두&비빔야채1.5.6.10.13.<br/>아삭이고추무침5.6.16.18.<br/>순살가자미커틀릿1.2.5.6.13.<br/>배추김치9.13.<br/>콘소스1.5.13.,쌀 : 국내산<br/>김치류 : 국내산<br/>고춧가루(김치류) : 국내산<br/>쇠고기(종류) : 국내산(한우)<br/>돼지고기 : 국내산<br/>닭고기 : 국내산<br/>오리고기 : 국내산<br/>쇠고기 식육가공품 : 국내산<br/>돼지고기 식육가공품 : 국내산<br/>닭고기 식육가공품 : 국내산<br/>오리고기 가공품 : 국내산<br/>낙지 : 국내산<br/>고등어 : 국내산<br/>갈치 : 국내산<br/>오징어 : 국내산<br/>꽃게 : 국내산<br/>참조기 : 국내산<br/>콩 : 국내산,1103.6 Kcal,탄수화물(g) : 179.7<br/>단백질(g) : 48.7<br/>지방(g) : 19.8<br/>비타민A(R.E) : 177.7<br/>티아민(mg) : 0.9<br/>리보플라빈(mg) : 0.6<br/>비타민C(mg) : 39.6<br/>칼슘(mg) : 158.7<br/>철분(mg) : 8.0,2.02105E+13
B10,서울특별시교육청,7010083,서울고등학교,2,중식,20210510,910,찹쌀밥<br/>바지락살미역국5.6.13.<br/>숙주나물무침<br/>묵은지목살찜5.6.9.10.13.<br/>베이컨감자채전5.6.<br/>열무김치13.,쌀 : 국내산<br/>김치류 : 국내산<br/>고춧가루(김치류) : 국내산<br/>쇠고기(종류) : 국내산(한우)<br/>돼지고기 : 국내산<br/>닭고기 : 국내산<br/>오리고기 : 국내산<br/>쇠고기 식육가공품 : 국내산<br/>돼지고기 식육가공품 : 국내산<br/>닭고기 식육가공품 : 국내산<br/>오리고기 가공품 : 국내산<br/>낙지 : 국내산<br/>고등어 : 국내산<br/>갈치 : 국내산<br/>오징어 : 국내산<br/>꽃게 : 국내산<br/>참조기 : 국내산<br/>콩 : 국내산,992.6 Kcal,탄수화물(g) : 136.4<br/>단백질(g) : 51.8<br/>지방(g) : 26.8<br/>비타민A(R.E) : 218.4<br/>티아민(mg) : 1.3<br/>리보플라빈(mg) : 0.8<br/>비타민C(mg) : 26.6<br/>칼슘(mg) : 193.7<br/>철분(mg) : 6.2,2.02105E+13
B10,서울특별시교육청,7010083,서울고등학교,2,중식,20210511,910,혼합잡곡밥5.<br/>낙지볶음2.5.6.13.<br/>사골우거지탕5.6.13.<br/>소세지야채볶음2.6.10.12.13.<br/>배추김치9.13.<br/>부추생채10.13.<br/>스위트자몽쥬스5.13.,쌀 : 국내산<br/>김치류 : 국내산<br/>고춧가루(김치류) : 국내산<br/>쇠고기(종류) : 국내산(한우)<br/>돼지고기 : 국내산<br/>닭고기 : 국내산<br/>오리고기 : 국내산<br/>쇠고기 식육가공품 : 국내산<br/>돼지고기 식육가공품 : 국내산<br/>닭고기 식육가공품 : 국내산<br/>오리고기 가공품 : 국내산<br/>낙지 : 국내산<br/>고등어 : 국내산<br/>갈치 : 국내산<br/>오징어 : 국내산<br/>꽃게 : 국내산<br/>참조기 : 국내산<br/>콩 : 국내산,1071.3 Kcal,탄수화물(g) : 162.9<br/>단백질(g) : 53.6<br/>지방(g) : 24.9<br/>비타민A(R.E) : 238.5<br/>티아민(mg) : 0.7<br/>리보플라빈(mg) : 0.7<br/>비타민C(mg) : 35.1<br/>칼슘(mg) : 173.1<br/>철분(mg) : 8.3,2.02105E+13
B10,서울특별시교육청,7010083,서울고등학교,2,중식,20210512,910,옛날도시락비빔밥1.2.6.9.10.13.<br/>가쓰오유부국1.5.6.9.13.<br/>오이지무침13.<br/>크리미어니언치킨1.2.5.6.13.15.16.<br/>스마일감자튀김/케찹5.12.13.<br/>깍두기9.13.,쌀 : 국내산<br/>김치류 : 국내산<br/>고춧가루(김치류) : 국내산<br/>쇠고기(종류) : 국내산(한우)<br/>돼지고기 : 국내산<br/>닭고기 : 국내산<br/>오리고기 : 국내산<br/>쇠고기 식육가공품 : 국내산<br/>돼지고기 식육가공품 : 국내산<br/>닭고기 식육가공품 : 국내산<br/>오리고기 가공품 : 국내산<br/>낙지 : 국내산<br/>고등어 : 국내산<br/>갈치 : 국내산<br/>오징어 : 국내산<br/>꽃게 : 국내산<br/>참조기 : 국내산<br/>콩 : 국내산,1319.2 Kcal,탄수화물(g) : 125.7<br/>단백질(g) : 59.5<br/>지방(g) : 65.7<br/>비타민A(R.E) : 279.3<br/>티아민(mg) : 0.6<br/>리보플라빈(mg) : 0.7<br/>비타민C(mg) : 21.2<br/>칼슘(mg) : 274.4<br/>철분(mg) : 5.8,2.02105E+13
B10,서울특별시교육청,7010083,서울고등학교,2,중식,20210513,910,기장밥<br/>쿠앤크아이스슈1.2.4.5.6.13.<br/>짬뽕순두부1.5.6.9.13.<br/>시금치나물<br/>실곤약무침5.6.13.<br/>폭찹2.5.6.10.12.13.<br/>배추김치9.13.,쌀 : 국내산<br/>김치류 : 국내산<br/>고춧가루(김치류) : 국내산<br/>쇠고기(종류) : 국내산(한우)<br/>돼지고기 : 국내산<br/>닭고기 : 국내산<br/>오리고기 : 국내산<br/>쇠고기 식육가공품 : 국내산<br/>돼지고기 식육가공품 : 국내산<br/>닭고기 식육가공품 : 국내산<br/>오리고기 가공품 : 국내산<br/>낙지 : 국내산<br/>고등어 : 국내산<br/>갈치 : 국내산<br/>오징어 : 국내산<br/>꽃게 : 국내산<br/>참조기 : 국내산<br/>콩 : 국내산,910.8 Kcal,탄수화물(g) : 133.9<br/>단백질(g) : 58.8<br/>지방(g) : 17.5<br/>비타민A(R.E) : 453.4<br/>티아민(mg) : 1.1<br/>리보플라빈(mg) : 0.7<br/>비타민C(mg) : 43.5<br/>칼슘(mg) : 209.7<br/>철분(mg) : 7.0,2.02105E+13
B10,서울특별시교육청,7010083,서울고등학교,2,중식,20210514,910,김밥볶음밥1.2.5.6.10.13.<br/>꼬치어묵탕1.5.6.13.<br/>단무지무침<br/>국물떡볶이1.5.6.13.<br/>김말이튀김*맛살튀김1.5.6.13.<br/>배추김치9.13.,쌀 : 국내산<br/>김치류 : 국내산<br/>고춧가루(김치류) : 국내산<br/>쇠고기(종류) : 국내산(한우)<br/>돼지고기 : 국내산<br/>닭고기 : 국내산<br/>오리고기 : 국내산<br/>쇠고기 식육가공품 : 국내산<br/>돼지고기 식육가공품 : 국내산<br/>닭고기 식육가공품 : 국내산<br/>오리고기 가공품 : 국내산<br/>낙지 : 국내산<br/>고등어 : 국내산<br/>갈치 : 국내산<br/>오징어 : 국내산<br/>꽃게 : 국내산<br/>참조기 : 국내산<br/>콩 : 국내산,945.8 Kcal,탄수화물(g) : 161.5<br/>단백질(g) : 38.9<br/>지방(g) : 16.3<br/>비타민A(R.E) : 443.7<br/>티아민(mg) : 0.3<br/>리보플라빈(mg) : 0.7<br/>비타민C(mg) : 24.8<br/>칼슘(mg) : 280.4<br/>철분(mg) : 10.4,2.02105E+13
B10,서울특별시교육청,7010083,서울고등학교,2,중식,20210517,930,찹쌀밥<br/>돈육김치찌개5.9.10.13.<br/>올방개묵김가루무침5.6.13.<br/>미역줄기볶음5.<br/>캠핑모듬구이2.5.6.10.15.16.<br/>깍두기(완)9.13.,쌀 : 국내산<br/>김치류 : 국내산<br/>고춧가루(김치류) : 국내산<br/>쇠고기(종류) : 국내산(한우)<br/>돼지고기 : 국내산<br/>닭고기 : 국내산<br/>오리고기 : 국내산<br/>쇠고기 식육가공품 : 국내산<br/>돼지고기 식육가공품 : 국내산<br/>닭고기 식육가공품 : 국내산<br/>오리고기 가공품 : 국내산<br/>낙지 : 국내산<br/>고등어 : 국내산<br/>갈치 : 국내산<br/>오징어 : 국내산<br/>꽃게 : 국내산<br/>참조기 : 국내산<br/>콩 : 국내산,1009.4 Kcal,탄수화물(g) : 121.0<br/>단백질(g) : 59.5<br/>지방(g) : 33.2<br/>비타민A(R.E) : 164.4<br/>티아민(mg) : 1.3<br/>리보플라빈(mg) : 0.7<br/>비타민C(mg) : 29.6<br/>칼슘(mg) : 146.3<br/>철분(mg) : 4.7,2.02105E+13
B10,서울특별시교육청,7010083,서울고등학교,2,중식,20210518,930,맑은무채국13.<br/>눈꽃지즈제육덮밥6.10.5.13.<br/>콘야채샐러드1.2.5.6.13.<br/>배추김치9.13.<br/>메론<br/>수제치킨또띠아1.2.5.6.10.12.13.,쌀 : 국내산<br/>김치류 : 국내산<br/>고춧가루(김치류) : 국내산<br/>쇠고기(종류) : 국내산(한우)<br/>돼지고기 : 국내산<br/>닭고기 : 국내산<br/>오리고기 : 국내산<br/>쇠고기 식육가공품 : 국내산<br/>돼지고기 식육가공품 : 국내산<br/>닭고기 식육가공품 : 국내산<br/>오리고기 가공품 : 국내산<br/>낙지 : 국내산<br/>고등어 : 국내산<br/>갈치 : 국내산<br/>오징어 : 국내산<br/>꽃게 : 국내산<br/>참조기 : 국내산<br/>콩 : 국내산,1195.8 Kcal,탄수화물(g) : 130.3<br/>단백질(g) : 66.1<br/>지방(g) : 46.7<br/>비타민A(R.E) : 282.5<br/>티아민(mg) : 1.1<br/>리보플라빈(mg) : 0.7<br/>비타민C(mg) : 41.7<br/>칼슘(mg) : 228.0<br/>철분(mg) : 4.2,2.02105E+13
B10,서울특별시교육청,7010083,서울고등학교,2,중식,20210520,930,현미밥<br/>뼈다귀감자탕5.6.10.13.<br/>참나물고추장무침5.6.<br/>피망잡채&꽃빵1.2.5.6.10.13.<br/>데리야끼삼치강정12.5.6.<br/>석박지9.13.,쌀 : 국내산<br/>김치류 : 국내산<br/>고춧가루(김치류) : 국내산<br/>쇠고기(종류) : 국내산(한우)<br/>돼지고기 : 국내산<br/>닭고기 : 국내산<br/>오리고기 : 국내산<br/>쇠고기 식육가공품 : 국내산<br/>돼지고기 식육가공품 : 국내산<br/>닭고기 식육가공품 : 국내산<br/>오리고기 가공품 : 국내산<br/>낙지 : 국내산<br/>고등어 : 국내산<br/>갈치 : 국내산<br/>오징어 : 국내산<br/>꽃게 : 국내산<br/>참조기 : 국내산<br/>콩 : 국내산,1257.1 Kcal,탄수화물(g) : 164.3<br/>단백질(g) : 84.2<br/>지방(g) : 29.7<br/>비타민A(R.E) : 276.9<br/>티아민(mg) : 0.8<br/>리보플라빈(mg) : 0.8<br/>비타민C(mg) : 23.4<br/>칼슘(mg) : 252.5<br/>철분(mg) : 5.2,2.02105E+13
B10,서울특별시교육청,7010083,서울고등학교,2,중식,20210521,930,잡곡밥5.<br/>북어무채국1.5.6.13.<br/>우엉채땅콩조림4.5.6.13.<br/>돈육계란장조림1.5.6.10.13.<br/>매콤해물우동볶음5.6.9.10.13.<br/>배추김치9.13.<br/>초코우유2.5.,쌀 : 국내산<br/>김치류 : 국내산<br/>고춧가루(김치류) : 국내산<br/>쇠고기(종류) : 국내산(한우)<br/>돼지고기 : 국내산<br/>닭고기 : 국내산<br/>오리고기 : 국내산<br/>쇠고기 식육가공품 : 국내산<br/>돼지고기 식육가공품 : 국내산<br/>닭고기 식육가공품 : 국내산<br/>오리고기 가공품 : 국내산<br/>낙지 : 국내산<br/>고등어 : 국내산<br/>갈치 : 국내산<br/>오징어 : 국내산<br/>꽃게 : 국내산<br/>참조기 : 국내산<br/>콩 : 국내산,1031.0 Kcal,탄수화물(g) : 150.1<br/>단백질(g) : 67.4<br/>지방(g) : 17.5<br/>비타민A(R.E) : 171.5<br/>티아민(mg) : 0.8<br/>리보플라빈(mg) : 1.1<br/>비타민C(mg) : 22.4<br/>칼슘(mg) : 254.7<br/>철분(mg) : 5.6,2.02105E+13
B10,서울특별시교육청,7010083,서울고등학교,2,중식,20210524,910,찹쌀밥<br/>도토리묵국5.6.9.13.<br/>쑥갓나물<br/>치즈불닭2.5.6.13.<br/>두부구이&양념장5.6.<br/>깍두기(완)9.13.,쌀 : 국내산<br/>김치류 : 국내산<br/>고춧가루(김치류) : 국내산<br/>쇠고기(종류) : 국내산(한우)<br/>돼지고기 : 국내산<br/>닭고기 : 국내산<br/>오리고기 : 국내산<br/>쇠고기 식육가공품 : 국내산<br/>돼지고기 식육가공품 : 국내산<br/>닭고기 식육가공품 : 국내산<br/>오리고기 가공품 : 국내산<br/>낙지 : 국내산<br/>고등어 : 국내산<br/>갈치 : 국내산<br/>오징어 : 국내산<br/>꽃게 : 국내산<br/>참조기 : 국내산<br/>콩 : 국내산,911.4 Kcal,탄수화물(g) : 143.5<br/>단백질(g) : 53.6<br/>지방(g) : 16.6<br/>비타민A(R.E) : 493.3<br/>티아민(mg) : 0.5<br/>리보플라빈(mg) : 0.7<br/>비타민C(mg) : 11.8<br/>칼슘(mg) : 309.9<br/>철분(mg) : 4.8,2.02105E+13
B10,서울특별시교육청,7010083,서울고등학교,2,중식,20210525,910,보리밥<br/>삼색조랭이떡국1.13.<br/>메추리알장조림1.5.6.13.<br/>치커리사과생채5.6.13.<br/>오삼불고기5.6.10.13.<br/>배추김치9.13.,쌀 : 국내산<br/>김치류 : 국내산<br/>고춧가루(김치류) : 국내산<br/>쇠고기(종류) : 국내산(한우)<br/>돼지고기 : 국내산<br/>닭고기 : 국내산<br/>오리고기 : 국내산<br/>쇠고기 식육가공품 : 국내산<br/>돼지고기 식육가공품 : 국내산<br/>닭고기 식육가공품 : 국내산<br/>오리고기 가공품 : 국내산<br/>낙지 : 국내산<br/>고등어 : 국내산<br/>갈치 : 국내산<br/>오징어 : 국내산<br/>꽃게 : 국내산<br/>참조기 : 국내산<br/>콩 : 국내산,1337.2 Kcal,탄수화물(g) : 189.6<br/>단백질(g) : 73.8<br/>지방(g) : 33.7<br/>비타민A(R.E) : 522.7<br/>티아민(mg) : 1.2<br/>리보플라빈(mg) : 1.4<br/>비타민C(mg) : 14.0<br/>칼슘(mg) : 185.9<br/>철분(mg) : 7.6,2.02106E+13
B10,서울특별시교육청,7010083,서울고등학교,2,중식,20210526,910,오므라이스1.2.5.6.10.12.13.<br/>유부된장국5.6.13.<br/>배추김치9.13.<br/>요구르트2.<br/>노엣지페퍼로니피자1.2.5.6.10.12.13.<br/>카프레제샐러드1.2.5.6.9.11.12.13.,쌀 : 국내산<br/>김치류 : 국내산<br/>고춧가루(김치류) : 국내산<br/>쇠고기(종류) : 국내산(한우)<br/>돼지고기 : 국내산<br/>닭고기 : 국내산<br/>오리고기 : 국내산<br/>쇠고기 식육가공품 : 국내산<br/>돼지고기 식육가공품 : 국내산<br/>닭고기 식육가공품 : 국내산<br/>오리고기 가공품 : 국내산<br/>낙지 : 국내산<br/>고등어 : 국내산<br/>갈치 : 국내산<br/>오징어 : 국내산<br/>꽃게 : 국내산<br/>참조기 : 국내산<br/>콩 : 국내산,1019.8 Kcal,탄수화물(g) : 150.5<br/>단백질(g) : 36.6<br/>지방(g) : 29.5<br/>비타민A(R.E) : 184.0<br/>티아민(mg) : 0.2<br/>리보플라빈(mg) : 0.4<br/>비타민C(mg) : 20.1<br/>칼슘(mg) : 174.4<br/>철분(mg) : 3.2,20210602
B10,서울특별시교육청,7010083,서울고등학교,2,중식,20210527,910,수수밥<br/>콩나물국5.13.<br/>청경채나물<br/>쫄면야채무침3.5.6.13.<br/>오리훈제와 꺳잎무쌈1.5.13.<br/>배추김치9.13.,쌀 : 국내산<br/>김치류 : 국내산<br/>고춧가루(김치류) : 국내산<br/>쇠고기(종류) : 국내산(한우)<br/>돼지고기 : 국내산<br/>닭고기 : 국내산<br/>오리고기 : 국내산<br/>쇠고기 식육가공품 : 국내산<br/>돼지고기 식육가공품 : 국내산<br/>닭고기 식육가공품 : 국내산<br/>오리고기 가공품 : 국내산<br/>낙지 : 국내산<br/>고등어 : 국내산<br/>갈치 : 국내산<br/>오징어 : 국내산<br/>꽃게 : 국내산<br/>참조기 : 국내산<br/>콩 : 국내산,1156.1 Kcal,탄수화물(g) : 134.5<br/>단백질(g) : 47.3<br/>지방(g) : 49.5<br/>비타민A(R.E) : 328.4<br/>티아민(mg) : 0.9<br/>리보플라빈(mg) : 0.7<br/>비타민C(mg) : 47.6<br/>칼슘(mg) : 183.3<br/>철분(mg) : 8.1,20210603
B10,서울특별시교육청,7010083,서울고등학교,2,중식,20210528,910,아욱된장국5.6.13.<br/>진미채무침5.6.13.<br/>장조림버터비빔밥1.2.5.6.10.13.<br/>배추김치9.13.<br/>에이드팝5.13.<br/>코울슬로1.5.12.13.,쌀 : 국내산<br/>김치류 : 국내산<br/>고춧가루(김치류) : 국내산<br/>쇠고기(종류) : 국내산(한우)<br/>돼지고기 : 국내산<br/>닭고기 : 국내산<br/>오리고기 : 국내산<br/>쇠고기 식육가공품 : 국내산<br/>돼지고기 식육가공품 : 국내산<br/>닭고기 식육가공품 : 국내산<br/>오리고기 가공품 : 국내산<br/>낙지 : 국내산<br/>고등어 : 국내산<br/>갈치 : 국내산<br/>오징어 : 국내산<br/>꽃게 : 국내산<br/>참조기 : 국내산<br/>콩 : 국내산,1194.7 Kcal,탄수화물(g) : 130.6<br/>단백질(g) : 45.9<br/>지방(g) : 54.4<br/>비타민A(R.E) : 395.6<br/>티아민(mg) : 0.5<br/>리보플라빈(mg) : 1.1<br/>비타민C(mg) : 47.7<br/>칼슘(mg) : 296.9<br/>철분(mg) : 7.5,20210604
B10,서울특별시교육청,7010083,서울고등학교,2,중식,20210531,930,찹쌀밥(추가밥)<br/>베트남쌀국수5.6.9.<br/>반미샌드위치1.2.5.6.12.13.16.<br/>짜조&춘권1.5.6.10.12.13.<br/>배추김치9.13.<br/>망고5.13.,쌀 : 국내산<br/>김치류 : 국내산<br/>고춧가루(김치류) : 국내산<br/>쇠고기(종류) : 국내산(한우)<br/>돼지고기 : 국내산<br/>닭고기 : 국내산<br/>오리고기 : 국내산<br/>쇠고기 식육가공품 : 국내산<br/>돼지고기 식육가공품 : 국내산<br/>닭고기 식육가공품 : 국내산<br/>오리고기 가공품 : 국내산<br/>낙지 : 국내산<br/>고등어 : 국내산<br/>갈치 : 국내산<br/>오징어 : 국내산<br/>꽃게 : 국내산<br/>참조기 : 국내산<br/>콩 : 국내산,814.7 Kcal,탄수화물(g) : 127.2<br/>단백질(g) : 35.5<br/>지방(g) : 16.1<br/>비타민A(R.E) : 202.6<br/>티아민(mg) : 0.7<br/>리보플라빈(mg) : 0.6<br/>비타민C(mg) : 22.7<br/>칼슘(mg) : 149.8<br/>철분(mg) : 6.6,20210607
B10,서울특별시교육청,7010083,서울고등학교,2,중식,20210601,947,현미밥<br/>쇠고기미역국5.6.13.<br/>제육보쌈5.6.10.13.<br/>게맛살옥수수전1.5.6.13.<br/>보쌈김치9.13.18.<br/>상추 깻잎쌈<br/>컵과일12.13.,쌀 : 국내산<br/>김치류 : 국내산<br/>고춧가루(김치류) : 국내산<br/>쇠고기(종류) : 국내산(한우)<br/>돼지고기 : 국내산<br/>닭고기 : 국내산<br/>오리고기 : 국내산<br/>쇠고기 식육가공품 : 국내산<br/>돼지고기 식육가공품 : 국내산<br/>닭고기 식육가공품 : 국내산<br/>오리고기 가공품 : 국내산<br/>낙지 : 국내산<br/>고등어 : 국내산<br/>갈치 : 국내산<br/>오징어 : 국내산<br/>꽃게 : 국내산<br/>참조기 : 국내산<br/>콩 : 국내산,1216.8 Kcal,탄수화물(g) : 119.3<br/>단백질(g) : 53.0<br/>지방(g) : 42.3<br/>비타민A(R.E) : 195.1<br/>티아민(mg) : 1.1<br/>리보플라빈(mg) : 0.6<br/>비타민C(mg) : 13.2<br/>칼슘(mg) : 141.5<br/>철분(mg) : 4.5,20210608
B10,서울특별시교육청,7010083,서울고등학교,2,중식,20210602,947,치킨마요덮밥1.4.5.6.12.13.<br/>미소된장국5.6.13.<br/>수제고구마또띠아피자1.2.5.6.10.12.13.<br/>배추김치9.13.<br/>자두매실쥬스5.13.<br/>코울슬로1.5.12.13.,쌀 : 국내산<br/>김치류 : 국내산<br/>고춧가루(김치류) : 국내산<br/>쇠고기(종류) : 국내산(한우)<br/>돼지고기 : 국내산<br/>닭고기 : 국내산<br/>오리고기 : 국내산<br/>쇠고기 식육가공품 : 국내산<br/>돼지고기 식육가공품 : 국내산<br/>닭고기 식육가공품 : 국내산<br/>오리고기 가공품 : 국내산<br/>낙지 : 국내산<br/>고등어 : 국내산<br/>갈치 : 국내산<br/>오징어 : 국내산<br/>꽃게 : 국내산<br/>참조기 : 국내산<br/>콩 : 국내산,1340.6 Kcal,탄수화물(g) : 166.7<br/>단백질(g) : 52.4<br/>지방(g) : 52.4<br/>비타민A(R.E) : 282.4<br/>티아민(mg) : 0.5<br/>리보플라빈(mg) : 0.8<br/>비타민C(mg) : 27.3<br/>칼슘(mg) : 402.9<br/>철분(mg) : 5.4,20210609
B10,서울특별시교육청,7010083,서울고등학교,2,중식,20210603,560,찹쌀밥(추가밥)<br/>우동1.5.6.13.16.18.<br/>단무지무침<br/>가츠샌드1.2.5.6.10.12.13.18.<br/>배추김치9.13.<br/>열대과일샐러드1.2.4.5.6.11.12.13.,쌀 : 국내산<br/>김치류 : 국내산<br/>고춧가루(김치류) : 국내산<br/>쇠고기(종류) : 국내산(한우)<br/>돼지고기 : 국내산<br/>닭고기 : 국내산<br/>오리고기 : 국내산<br/>쇠고기 식육가공품 : 국내산<br/>돼지고기 식육가공품 : 국내산<br/>닭고기 식육가공품 : 국내산<br/>오리고기 가공품 : 국내산<br/>낙지 : 국내산<br/>고등어 : 국내산<br/>갈치 : 국내산<br/>오징어 : 국내산<br/>꽃게 : 국내산<br/>참조기 : 국내산<br/>콩 : 국내산,1157.2 Kcal,탄수화물(g) : 180.0<br/>단백질(g) : 33.7<br/>지방(g) : 32.9<br/>비타민A(R.E) : 153.4<br/>티아민(mg) : 0.5<br/>리보플라빈(mg) : 0.5<br/>비타민C(mg) : 21.3<br/>칼슘(mg) : 221.7<br/>철분(mg) : 5.0,20210610
B10,서울특별시교육청,7010083,서울고등학교,2,중식,20210604,947,흑미밥<br/>우리밀태극쿠키1.2.4.5.6.13.<br/>부대찌개2.5.6.9.10.13.<br/>숙주나물무침<br/>골뱅이야채무침5.6.13.<br/>제육굴소스볶음5.6.10.13.<br/>깍두기(완)9.13.,쌀 : 국내산<br/>김치류 : 국내산<br/>고춧가루(김치류) : 국내산<br/>쇠고기(종류) : 국내산(한우)<br/>돼지고기 : 국내산<br/>닭고기 : 국내산<br/>오리고기 : 국내산<br/>쇠고기 식육가공품 : 국내산<br/>돼지고기 식육가공품 : 국내산<br/>닭고기 식육가공품 : 국내산<br/>오리고기 가공품 : 국내산<br/>낙지 : 국내산<br/>고등어 : 국내산<br/>갈치 : 국내산<br/>오징어 : 국내산<br/>꽃게 : 국내산<br/>참조기 : 국내산<br/>콩 : 국내산,1037.5 Kcal,탄수화물(g) : 132.1<br/>단백질(g) : 71.0<br/>지방(g) : 25.2<br/>비타민A(R.E) : 212.7<br/>티아민(mg) : 1.2<br/>리보플라빈(mg) : 0.8<br/>비타민C(mg) : 23.3<br/>칼슘(mg) : 159.7<br/>철분(mg) : 5.3,20210611
B10,서울특별시교육청,7010083,서울고등학교,2,중식,20210607,929,수수밥<br/>갈비탕1.5.6.13.16.<br/>치커리사과생채5.6.13.<br/>동그랑땡전1.2.5.6.9.10.<br/>유자청삼치구이5.6.13.<br/>석박지9.13.<br/>한라봉감귤쥬스5.13.,쌀 : 국내산<br/>김치류 : 국내산<br/>고춧가루(김치류) : 국내산<br/>쇠고기(종류) : 국내산(한우)<br/>돼지고기 : 국내산<br/>닭고기 : 국내산<br/>오리고기 : 국내산<br/>쇠고기 식육가공품 : 국내산<br/>돼지고기 식육가공품 : 국내산<br/>닭고기 식육가공품 : 국내산<br/>오리고기 가공품 : 국내산<br/>낙지 : 국내산<br/>고등어 : 국내산<br/>갈치 : 국내산<br/>오징어 : 국내산<br/>꽃게 : 국내산<br/>참조기 : 국내산<br/>콩 : 국내산,1190.1 Kcal,탄수화물(g) : 136.2<br/>단백질(g) : 64.8<br/>지방(g) : 41.6<br/>비타민A(R.E) : 204.9<br/>티아민(mg) : 0.5<br/>리보플라빈(mg) : 0.7<br/>비타민C(mg) : 8.8<br/>칼슘(mg) : 129.5<br/>철분(mg) : 7.4,20210614
B10,서울특별시교육청,7010083,서울고등학교,2,중식,20210608,929,보리밥<br/>순두부찌개1.5.9.10.13.<br/>미역줄기볶음5.<br/>돼지고기짜장볶음5.6.9.10.13.16.<br/>계란말이1.2.5.6.13.<br/>열무김치13.,쌀 : 국내산<br/>김치류 : 국내산<br/>고춧가루(김치류) : 국내산<br/>쇠고기(종류) : 국내산(한우)<br/>돼지고기 : 국내산<br/>닭고기 : 국내산<br/>오리고기 : 국내산<br/>쇠고기 식육가공품 : 국내산<br/>돼지고기 식육가공품 : 국내산<br/>닭고기 식육가공품 : 국내산<br/>오리고기 가공품 : 국내산<br/>낙지 : 국내산<br/>고등어 : 국내산<br/>갈치 : 국내산<br/>오징어 : 국내산<br/>꽃게 : 국내산<br/>참조기 : 국내산<br/>콩 : 국내산,931.5 Kcal,탄수화물(g) : 111.2<br/>단백질(g) : 68.0<br/>지방(g) : 24.4<br/>비타민A(R.E) : 260.6<br/>티아민(mg) : 1.1<br/>리보플라빈(mg) : 1.1<br/>비타민C(mg) : 15.3<br/>칼슘(mg) : 214.3<br/>철분(mg) : 5.9,20210615
B10,서울특별시교육청,7010083,서울고등학교,2,중식,20210609,929,카레라이스2.5.6.10.13.<br/>크리미갈릭핫도그1.2.5.6.10.12.13.<br/>유부맑은국5.13.<br/>배추김치9.13.<br/>수제딸기요거트2.<br/>토마토그린샐러드1.2.5.6.9.11.12.13.,쌀 : 국내산<br/>김치류 : 국내산<br/>고춧가루(김치류) : 국내산<br/>쇠고기(종류) : 국내산(한우)<br/>돼지고기 : 국내산<br/>닭고기 : 국내산<br/>오리고기 : 국내산<br/>쇠고기 식육가공품 : 국내산<br/>돼지고기 식육가공품 : 국내산<br/>닭고기 식육가공품 : 국내산<br/>오리고기 가공품 : 국내산<br/>낙지 : 국내산<br/>고등어 : 국내산<br/>갈치 : 국내산<br/>오징어 : 국내산<br/>꽃게 : 국내산<br/>참조기 : 국내산<br/>콩 : 국내산,1161.8 Kcal,탄수화물(g) : 133.2<br/>단백질(g) : 40.5<br/>지방(g) : 48.5<br/>비타민A(R.E) : 308.1<br/>티아민(mg) : 0.6<br/>리보플라빈(mg) : 0.5<br/>비타민C(mg) : 45.4<br/>칼슘(mg) : 245.0<br/>철분(mg) : 6.3,20210616
B10,서울특별시교육청,7010083,서울고등학교,2,중식,20210610,929,혼합잡곡밥5.<br/>쑥갓어묵탕1.5.6.13.<br/>참나물고추장무침5.6.<br/>춘천닭갈비2.5.6.13.<br/>츄러스고구마맛탕1.2.5.6.13.<br/>배추김치9.13.,쌀 : 국내산<br/>김치류 : 국내산<br/>고춧가루(김치류) : 국내산<br/>쇠고기(종류) : 국내산(한우)<br/>돼지고기 : 국내산<br/>닭고기 : 국내산<br/>오리고기 : 국내산<br/>쇠고기 식육가공품 : 국내산<br/>돼지고기 식육가공품 : 국내산<br/>닭고기 식육가공품 : 국내산<br/>오리고기 가공품 : 국내산<br/>낙지 : 국내산<br/>고등어 : 국내산<br/>갈치 : 국내산<br/>오징어 : 국내산<br/>꽃게 : 국내산<br/>참조기 : 국내산<br/>콩 : 국내산,905.0 Kcal,탄수화물(g) : 148.0<br/>단백질(g) : 46.9<br/>지방(g) : 16.8<br/>비타민A(R.E) : 300.3<br/>티아민(mg) : 0.5<br/>리보플라빈(mg) : 0.4<br/>비타민C(mg) : 20.4<br/>칼슘(mg) : 155.9<br/>철분(mg) : 4.4,20210617
B10,서울특별시교육청,7010083,서울고등학교,2,중식,20210611,929,찹쌀밥(추가밥)<br/>나가사키짬뽕1.5.6.9.13.<br/>오이지무침13.<br/>멕시칸샐러드1.5.6.13.<br/>수제돈육강정1.4.5.6.10.12.13.<br/>배추김치9.13.,쌀 : 국내산<br/>김치류 : 국내산<br/>고춧가루(김치류) : 국내산<br/>쇠고기(종류) : 국내산(한우)<br/>돼지고기 : 국내산<br/>닭고기 : 국내산<br/>오리고기 : 국내산<br/>쇠고기 식육가공품 : 국내산<br/>돼지고기 식육가공품 : 국내산<br/>닭고기 식육가공품 : 국내산<br/>오리고기 가공품 : 국내산<br/>낙지 : 국내산<br/>고등어 : 국내산<br/>갈치 : 국내산<br/>오징어 : 국내산<br/>꽃게 : 국내산<br/>참조기 : 국내산<br/>콩 : 국내산,1356.2 Kcal,탄수화물(g) : 195.5<br/>단백질(g) : 64.8<br/>지방(g) : 31.8<br/>비타민A(R.E) : 190.2<br/>티아민(mg) : 0.9<br/>리보플라빈(mg) : 0.6<br/>비타민C(mg) : 28.3<br/>칼슘(mg) : 166.7<br/>철분(mg) : 7.0,20210618
B10,서울특별시교육청,7010083,서울고등학교,2,중식,20210614,947,혼합잡곡밥5.<br/>건새우아욱국5.6.13.<br/>탕평채5.6.10.13.<br/>김치치즈떡갈비2.5.6.10.12.13.<br/>백김치9.13.<br/>오미자쥬스5.13.<br/>수리취떡5.6.13.,쌀 : 국내산<br/>김치류 : 국내산<br/>고춧가루(김치류) : 국내산<br/>쇠고기(종류) : 국내산(한우)<br/>돼지고기 : 국내산<br/>닭고기 : 국내산<br/>오리고기 : 국내산<br/>쇠고기 식육가공품 : 국내산<br/>돼지고기 식육가공품 : 국내산<br/>닭고기 식육가공품 : 국내산<br/>오리고기 가공품 : 국내산<br/>낙지 : 국내산<br/>고등어 : 국내산<br/>갈치 : 국내산<br/>오징어 : 국내산<br/>꽃게 : 국내산<br/>참조기 : 국내산<br/>콩 : 국내산,955.4 Kcal,탄수화물(g) : 146.3<br/>단백질(g) : 39.4<br/>지방(g) : 23.8<br/>비타민A(R.E) : 257.6<br/>티아민(mg) : 0.8<br/>리보플라빈(mg) : 0.6<br/>비타민C(mg) : 25.7<br/>칼슘(mg) : 269.6<br/>철분(mg) : 5.6,20210621
B10,서울특별시교육청,7010083,서울고등학교,2,중식,20210615,947,차조밥<br/>호박고추장찌개5.6.10.13.<br/>참치마요&구이김5.6.13.<br/>미나리초무침13.<br/>배추김치9.13.<br/>데리야끼닭살볶음5.6.13.,쌀 : 국내산<br/>김치류 : 국내산<br/>고춧가루(김치류) : 국내산<br/>쇠고기(종류) : 국내산(한우)<br/>돼지고기 : 국내산<br/>닭고기 : 국내산<br/>오리고기 : 국내산<br/>쇠고기 식육가공품 : 국내산<br/>돼지고기 식육가공품 : 국내산<br/>닭고기 식육가공품 : 국내산<br/>오리고기 가공품 : 국내산<br/>낙지 : 국내산<br/>고등어 : 국내산<br/>갈치 : 국내산<br/>오징어 : 국내산<br/>꽃게 : 국내산<br/>참조기 : 국내산<br/>콩 : 국내산,911.0 Kcal,탄수화물(g) : 114.1<br/>단백질(g) : 60.7<br/>지방(g) : 25.6<br/>비타민A(R.E) : 170.1<br/>티아민(mg) : 0.6<br/>리보플라빈(mg) : 0.5<br/>비타민C(mg) : 24.9<br/>칼슘(mg) : 116.9<br/>철분(mg) : 3.8,20210622
B10,서울특별시교육청,7010083,서울고등학교,2,중식,20210616,947,크림소스스파게티1.2.5.6.10.12.13.16.18.<br/>야채스프1.2.5.6.13.<br/>미트볼라따뚜이1.2.5.6.10.11.12.13.<br/>모듬야채피클13.<br/>수제레몬에이드5.13.<br/>망고샐러드1.2.5.6.9.11.12.13.,쌀 : 국내산<br/>김치류 : 국내산<br/>고춧가루(김치류) : 국내산<br/>쇠고기(종류) : 국내산(한우)<br/>돼지고기 : 국내산<br/>닭고기 : 국내산<br/>오리고기 : 국내산<br/>쇠고기 식육가공품 : 국내산<br/>돼지고기 식육가공품 : 국내산<br/>닭고기 식육가공품 : 국내산<br/>오리고기 가공품 : 국내산<br/>낙지 : 국내산<br/>고등어 : 국내산<br/>갈치 : 국내산<br/>오징어 : 국내산<br/>꽃게 : 국내산<br/>참조기 : 국내산<br/>콩 : 국내산,1258.2 Kcal,탄수화물(g) : 166.1<br/>단백질(g) : 33.6<br/>지방(g) : 55.6<br/>비타민A(R.E) : 295.5<br/>티아민(mg) : 0.4<br/>리보플라빈(mg) : 0.5<br/>비타민C(mg) : 38.6<br/>칼슘(mg) : 155.0<br/>철분(mg) : 3.5,20210623
B10,서울특별시교육청,7010083,서울고등학교,2,중식,20210617,947,기장밥<br/>육개장1.5.6.13.16.<br/>돼지갈비찜5.6.10.13.<br/>오징어초무침13.<br/>마늘쫑멸치볶음4.5.13.<br/>배추김치9.13.,쌀 : 국내산<br/>김치류 : 국내산<br/>고춧가루(김치류) : 국내산<br/>쇠고기(종류) : 국내산(한우)<br/>돼지고기 : 국내산<br/>닭고기 : 국내산<br/>오리고기 : 국내산<br/>쇠고기 식육가공품 : 국내산<br/>돼지고기 식육가공품 : 국내산<br/>닭고기 식육가공품 : 국내산<br/>오리고기 가공품 : 국내산<br/>낙지 : 국내산<br/>고등어 : 국내산<br/>갈치 : 국내산<br/>오징어 : 국내산<br/>꽃게 : 국내산<br/>참조기 : 국내산<br/>콩 : 국내산,921.2 Kcal,탄수화물(g) : 113.0<br/>단백질(g) : 56.5<br/>지방(g) : 27.6<br/>비타민A(R.E) : 230.3<br/>티아민(mg) : 1.1<br/>리보플라빈(mg) : 0.5<br/>비타민C(mg) : 21.3<br/>칼슘(mg) : 193.9<br/>철분(mg) : 3.9,20210624
B10,서울특별시교육청,7010083,서울고등학교,2,중식,20210618,947,삼색소보루비빔밥1.2.5.6.9.10.13.<br/>가쓰오유부국1.5.6.9.13.<br/>살사치킨까스1.5.6.10.12.13.18.<br/>깍두기9.13.<br/>참외<br/>양배추샐러드1.2.5.6.9.11.12.13.,쌀 : 국내산<br/>김치류 : 국내산<br/>고춧가루(김치류) : 국내산<br/>쇠고기(종류) : 국내산(한우)<br/>돼지고기 : 국내산<br/>닭고기 : 국내산<br/>오리고기 : 국내산<br/>쇠고기 식육가공품 : 국내산<br/>돼지고기 식육가공품 : 국내산<br/>닭고기 식육가공품 : 국내산<br/>오리고기 가공품 : 국내산<br/>낙지 : 국내산<br/>고등어 : 국내산<br/>갈치 : 국내산<br/>오징어 : 국내산<br/>꽃게 : 국내산<br/>참조기 : 국내산<br/>콩 : 국내산,866.6 Kcal,탄수화물(g) : 108.8<br/>단백질(g) : 46.4<br/>지방(g) : 27.3<br/>비타민A(R.E) : 320.1<br/>티아민(mg) : 1.1<br/>리보플라빈(mg) : 1.2<br/>비타민C(mg) : 23.1<br/>칼슘(mg) : 186.3<br/>철분(mg) : 8.2,20210625
B10,서울특별시교육청,7010083,서울고등학교,2,중식,20210621,929,게란실파국1.5.6.13.<br/>시금치나물<br/>마파두부덮밥5.6.10.12.13.<br/>고추잡채&꽃빵1.2.5.6.10.13.<br/>만두탕수1.5.6.10.11.12.13.<br/>배추김치9.13.,쌀 : 국내산<br/>김치류 : 국내산<br/>고춧가루(김치류) : 국내산<br/>쇠고기(종류) : 국내산(한우)<br/>돼지고기 : 국내산<br/>닭고기 : 국내산<br/>오리고기 : 국내산<br/>쇠고기 식육가공품 : 국내산<br/>돼지고기 식육가공품 : 국내산<br/>닭고기 식육가공품 : 국내산<br/>오리고기 가공품 : 국내산<br/>낙지 : 국내산<br/>고등어 : 국내산<br/>갈치 : 국내산<br/>오징어 : 국내산<br/>꽃게 : 국내산<br/>참조기 : 국내산<br/>콩 : 국내산,908.7 Kcal,탄수화물(g) : 129.3<br/>단백질(g) : 55.3<br/>지방(g) : 19.2<br/>비타민A(R.E) : 424.7<br/>티아민(mg) : 1.0<br/>리보플라빈(mg) : 0.9<br/>비타민C(mg) : 26.3<br/>칼슘(mg) : 180.3<br/>철분(mg) : 8.9,20210628
B10,서울특별시교육청,7010083,서울고등학교,2,중식,20210622,929,혼합잡곡밥5.<br/>불낙볶음2.5.6.13.<br/>근대된장국5.6.13.<br/>콩나물맛살냉채5.13.<br/>모듬야채전5.6.<br/>배추김치9.13.,쌀 : 국내산<br/>김치류 : 국내산<br/>고춧가루(김치류) : 국내산<br/>쇠고기(종류) : 국내산(한우)<br/>돼지고기 : 국내산<br/>닭고기 : 국내산<br/>오리고기 : 국내산<br/>쇠고기 식육가공품 : 국내산<br/>돼지고기 식육가공품 : 국내산<br/>닭고기 식육가공품 : 국내산<br/>오리고기 가공품 : 국내산<br/>낙지 : 국내산<br/>고등어 : 국내산<br/>갈치 : 국내산<br/>오징어 : 국내산<br/>꽃게 : 국내산<br/>참조기 : 국내산<br/>콩 : 국내산,797.2 Kcal,탄수화물(g) : 131.3<br/>단백질(g) : 45.1<br/>지방(g) : 11.4<br/>비타민A(R.E) : 350.5<br/>티아민(mg) : 0.7<br/>리보플라빈(mg) : 0.7<br/>비타민C(mg) : 17.4<br/>칼슘(mg) : 142.0<br/>철분(mg) : 4.9,20210629
B10,서울특별시교육청,7010083,서울고등학교,2,중식,20210623,929,철판김치볶음밥1.5.6.9.10.13.<br/>팽이버섯장국5.6.13.<br/>수제비프퀘사디아2.5.6.10.12.13.<br/>깍두기9.13.<br/>파인애플쥬스5.13.<br/>단호박고구마범벅1.5.13.,쌀 : 국내산<br/>김치류 : 국내산<br/>고춧가루(김치류) : 국내산<br/>쇠고기(종류) : 국내산(한우)<br/>돼지고기 : 국내산<br/>닭고기 : 국내산<br/>오리고기 : 국내산<br/>쇠고기 식육가공품 : 국내산<br/>돼지고기 식육가공품 : 국내산<br/>닭고기 식육가공품 : 국내산<br/>오리고기 가공품 : 국내산<br/>낙지 : 국내산<br/>고등어 : 국내산<br/>갈치 : 국내산<br/>오징어 : 국내산<br/>꽃게 : 국내산<br/>참조기 : 국내산<br/>콩 : 국내산,1022.5 Kcal,탄수화물(g) : 168.3<br/>단백질(g) : 41.6<br/>지방(g) : 23.4<br/>비타민A(R.E) : 441.1<br/>티아민(mg) : 0.7<br/>리보플라빈(mg) : 0.6<br/>비타민C(mg) : 45.4<br/>칼슘(mg) : 328.4<br/>철분(mg) : 4.3,20210630
B10,서울특별시교육청,7010083,서울고등학교,2,중식,20210624,929,쌀밥<br/>열무국수1.3.5.6.13.<br/>배추김치9.13.<br/>부추생채10.13.<br/>요거트과일샐러드1.2.4.5.6.11.12.13.<br/>피쉬앤칩스1.2.5.6.13.,쌀 : 국내산<br/>김치류 : 국내산<br/>고춧가루(김치류) : 국내산<br/>쇠고기(종류) : 국내산(한우)<br/>돼지고기 : 국내산<br/>닭고기 : 국내산<br/>오리고기 : 국내산<br/>쇠고기 식육가공품 : 국내산<br/>돼지고기 식육가공품 : 국내산<br/>닭고기 식육가공품 : 국내산<br/>오리고기 가공품 : 국내산<br/>낙지 : 국내산<br/>고등어 : 국내산<br/>갈치 : 국내산<br/>오징어 : 국내산<br/>꽃게 : 국내산<br/>참조기 : 국내산<br/>콩 : 국내산,963.1 Kcal,탄수화물(g) : 151.9<br/>단백질(g) : 28.0<br/>지방(g) : 25.7<br/>비타민A(R.E) : 175.8<br/>티아민(mg) : 0.3<br/>리보플라빈(mg) : 0.5<br/>비타민C(mg) : 14.8<br/>칼슘(mg) : 170.8<br/>철분(mg) : 3.2,20210701
B10,서울특별시교육청,7010083,서울고등학교,2,중식,20210625,100,쌀밥<br/>계란찜1.2.5.6.9.13.<br/>가지나물5.6.<br/>제육고추장볶음5.6.10.13.<br/>깍두기(완)9.13.<br/>쌈채소&야채스틱<br/>청국장찌개5.13.,쌀 : 국내산<br/>김치류 : 국내산<br/>고춧가루(김치류) : 국내산<br/>쇠고기(종류) : 국내산(한우)<br/>돼지고기 : 국내산<br/>닭고기 : 국내산<br/>오리고기 : 국내산<br/>쇠고기 식육가공품 : 국내산<br/>돼지고기 식육가공품 : 국내산<br/>닭고기 식육가공품 : 국내산<br/>오리고기 가공품 : 국내산<br/>낙지 : 국내산<br/>고등어 : 국내산<br/>갈치 : 국내산<br/>오징어 : 국내산<br/>꽃게 : 국내산<br/>참조기 : 국내산<br/>콩 : 국내산,953.7 Kcal,탄수화물(g) : 122.2<br/>단백질(g) : 65.1<br/>지방(g) : 27.4<br/>비타민A(R.E) : 824.8<br/>티아민(mg) : 1.1<br/>리보플라빈(mg) : 1.5<br/>비타민C(mg) : 38.1<br/>칼슘(mg) : 269.4<br/>철분(mg) : 7.2,20210702
B10,서울특별시교육청,7010083,서울고등학교,2,중식,20210706,947,혼합잡곡밥5.<br/>모듬어묵탕1.5.6.13.<br/>양배추쌈<br/>근대무침5.6.<br/>스크램블에그1.5.6.9.10.13.<br/>제육볶음5.6.9.10.13.<br/>배추김치9.13.<br/>요구르트2.,쌀 : 국내산<br/>김치류 : 국내산<br/>고춧가루(김치류) : 국내산<br/>쇠고기(종류) : 국내산(한우)<br/>돼지고기 : 국내산<br/>닭고기 : 국내산<br/>오리고기 : 국내산<br/>쇠고기 식육가공품 : 국내산<br/>돼지고기 식육가공품 : 국내산<br/>닭고기 식육가공품 : 국내산<br/>오리고기 가공품 : 국내산<br/>낙지 : 국내산<br/>고등어 : 국내산<br/>갈치 : 국내산<br/>오징어 : 국내산<br/>꽃게 : 국내산<br/>참조기 : 국내산<br/>콩 : 국내산,891.4 Kcal,탄수화물(g) : 129.3<br/>단백질(g) : 60.5<br/>지방(g) : 16.0<br/>비타민A(R.E) : 384.4<br/>티아민(mg) : 1.0<br/>리보플라빈(mg) : 1.1<br/>비타민C(mg) : 26.1<br/>칼슘(mg) : 246.4<br/>철분(mg) : 5.7,20210713
B10,서울특별시교육청,7010083,서울고등학교,2,중식,20210707,929,쌀밥(추가밥)<br/>돈코츠라멘1.2.4.5.6.9.10.12.13.18.<br/>타코야끼1.5.6.9.10.13.16.18.<br/>배추김치9.13.<br/>망고쥬스5.13.<br/>블루베리샐러드1.2.5.6.9.11.12.13.,쌀 : 국내산<br/>김치류 : 국내산<br/>고춧가루(김치류) : 국내산<br/>쇠고기(종류) : 국내산(한우)<br/>돼지고기 : 국내산<br/>닭고기 : 국내산<br/>오리고기 : 국내산<br/>쇠고기 식육가공품 : 국내산<br/>돼지고기 식육가공품 : 국내산<br/>닭고기 식육가공품 : 국내산<br/>오리고기 가공품 : 국내산<br/>낙지 : 국내산<br/>고등어 : 국내산<br/>갈치 : 국내산<br/>오징어 : 국내산<br/>꽃게 : 국내산<br/>참조기 : 국내산<br/>콩 : 국내산,1160.3 Kcal,탄수화물(g) : 169.0<br/>단백질(g) : 55.6<br/>지방(g) : 26.2<br/>비타민A(R.E) : 117.7<br/>티아민(mg) : 1.2<br/>리보플라빈(mg) : 0.8<br/>비타민C(mg) : 15.4<br/>칼슘(mg) : 192.4<br/>철분(mg) : 5.8,20210714
B10,서울특별시교육청,7010083,서울고등학교,2,중식,20210708,916,맑은무채국13.<br/>참나물무침<br/>순살닭갈비덮밥2.5.6.13.<br/>비엔나야채볶음1.2.5.6.10.12.13.<br/>마카로니샐러드1.2.5.6.13.<br/>배추김치9.13.,쌀 : 국내산<br/>김치류 : 국내산<br/>고춧가루(김치류) : 국내산<br/>쇠고기(종류) : 국내산(한우)<br/>돼지고기 : 국내산<br/>닭고기 : 국내산<br/>오리고기 : 국내산<br/>쇠고기 식육가공품 : 국내산<br/>돼지고기 식육가공품 : 국내산<br/>닭고기 식육가공품 : 국내산<br/>오리고기 가공품 : 국내산<br/>낙지 : 국내산<br/>고등어 : 국내산<br/>갈치 : 국내산<br/>오징어 : 국내산<br/>꽃게 : 국내산<br/>참조기 : 국내산<br/>콩 : 국내산,1037.6 Kcal,탄수화물(g) : 128.0<br/>단백질(g) : 56.8<br/>지방(g) : 34.5<br/>비타민A(R.E) : 319.4<br/>티아민(mg) : 0.7<br/>리보플라빈(mg) : 0.5<br/>비타민C(mg) : 49.0<br/>칼슘(mg) : 156.4<br/>철분(mg) : 3.9,20210715
B10,서울특별시교육청,7010083,서울고등학교,2,중식,20210709,916,땡초멸치주먹밥1.5.13.<br/>우동국물1.5.6.13.16.18.<br/>단무지<br/>국물떡볶이1.5.6.13.<br/>모듬튀김1.5.6.13.<br/>배추김치9.13.<br/>쥬시쿨5.13.,쌀 : 국내산<br/>김치류 : 국내산<br/>고춧가루(김치류) : 국내산<br/>쇠고기(종류) : 국내산(한우)<br/>돼지고기 : 국내산<br/>닭고기 : 국내산<br/>오리고기 : 국내산<br/>쇠고기 식육가공품 : 국내산<br/>돼지고기 식육가공품 : 국내산<br/>닭고기 식육가공품 : 국내산<br/>오리고기 가공품 : 국내산<br/>낙지 : 국내산<br/>고등어 : 국내산<br/>갈치 : 국내산<br/>오징어 : 국내산<br/>꽃게 : 국내산<br/>참조기 : 국내산<br/>콩 : 국내산,956.2 Kcal,탄수화물(g) : 161.4<br/>단백질(g) : 26.9<br/>지방(g) : 24.2<br/>비타민A(R.E) : 247.1<br/>티아민(mg) : 0.3<br/>리보플라빈(mg) : 0.5<br/>비타민C(mg) : 11.5<br/>칼슘(mg) : 260.3<br/>철분(mg) : 11.8,20210716
B10,서울특별시교육청,7010083,서울고등학교,2,중식,20210712,100,콩나물밥&양념장5.6.10.<br/>열무된장국5.6.13.<br/>메밀면야채무침3.5.6.13.<br/>오이지무침13.<br/>닭다리오븐구이1.2.5.6.12.13.<br/>배추김치13.9.,쌀 : 국내산<br/>김치류 : 국내산<br/>고춧가루(김치류) : 국내산<br/>쇠고기(종류) : 국내산(한우)<br/>돼지고기 : 국내산<br/>닭고기 : 국내산<br/>오리고기 : 국내산<br/>쇠고기 식육가공품 : 국내산<br/>돼지고기 식육가공품 : 국내산<br/>닭고기 식육가공품 : 국내산<br/>오리고기 가공품 : 국내산<br/>낙지 : 국내산<br/>고등어 : 국내산<br/>갈치 : 국내산<br/>오징어 : 국내산<br/>꽃게 : 국내산<br/>참조기 : 국내산<br/>콩 : 국내산,4342.4 Kcal,탄수화물(g) : 823.4<br/>단백질(g) : 152.4<br/>지방(g) : 38.5<br/>비타민A(R.E) : 563.0<br/>티아민(mg) : 1.5<br/>리보플라빈(mg) : 1.1<br/>비타민C(mg) : 14.3<br/>칼슘(mg) : 274.7<br/>철분(mg) : 13.1,20210719
B10,서울특별시교육청,7010083,서울고등학교,2,중식,20210713,100,흑미밥<br/>호박고추장찌개5.6.10.13.<br/>마늘보쌈5.6.10.13.<br/>치커리유자청무침5.6.13.<br/>두부구이5.6.<br/>보쌈김치9.13.18.,쌀 : 국내산<br/>김치류 : 국내산<br/>고춧가루(김치류) : 국내산<br/>쇠고기(종류) : 국내산(한우)<br/>돼지고기 : 국내산<br/>닭고기 : 국내산<br/>오리고기 : 국내산<br/>쇠고기 식육가공품 : 국내산<br/>돼지고기 식육가공품 : 국내산<br/>닭고기 식육가공품 : 국내산<br/>오리고기 가공품 : 국내산<br/>낙지 : 국내산<br/>고등어 : 국내산<br/>갈치 : 국내산<br/>오징어 : 국내산<br/>꽃게 : 국내산<br/>참조기 : 국내산<br/>콩 : 국내산,1235.7 Kcal,탄수화물(g) : 135.4<br/>단백질(g) : 63.9<br/>지방(g) : 49.0<br/>비타민A(R.E) : 252.1<br/>티아민(mg) : 1.4<br/>리보플라빈(mg) : 0.8<br/>비타민C(mg) : 25.6<br/>칼슘(mg) : 297.8<br/>철분(mg) : 6.8,20210720
B10,서울특별시교육청,7010083,서울고등학교,2,중식,20210714,100,로제소스스파게티1.2.5.6.10.12.13.16.18.<br/>페스츄리핫도그1.2.5.6.10.12.13.<br/>옥수수스프1.2.5.6.13.<br/>청포도쥬스5.13.<br/>모듬피클13.<br/>시저샐러드1.2.5.6.10.12.13.,쌀 : 국내산<br/>김치류 : 국내산<br/>고춧가루(김치류) : 국내산<br/>쇠고기(종류) : 국내산(한우)<br/>돼지고기 : 국내산<br/>닭고기 : 국내산<br/>오리고기 : 국내산<br/>쇠고기 식육가공품 : 국내산<br/>돼지고기 식육가공품 : 국내산<br/>닭고기 식육가공품 : 국내산<br/>오리고기 가공품 : 국내산<br/>낙지 : 국내산<br/>고등어 : 국내산<br/>갈치 : 국내산<br/>오징어 : 국내산<br/>꽃게 : 국내산<br/>참조기 : 국내산<br/>콩 : 국내산,1247.4 Kcal,탄수화물(g) : 181.8<br/>단백질(g) : 29.9<br/>지방(g) : 49.4<br/>비타민A(R.E) : 260.6<br/>티아민(mg) : 0.4<br/>리보플라빈(mg) : 1.2<br/>비타민C(mg) : 39.4<br/>칼슘(mg) : 230.0<br/>철분(mg) : 4.8,20210721
B10,서울특별시교육청,7010083,서울고등학교,2,중식,20210715,947,현미밥<br/>버섯샤브샤브13.<br/>양파장아찌5.6.13.18.<br/>돈육두반장볶음5.6.10.12.13.<br/>부추야채전1.5.6.8.9.10.13.<br/>배추김치9.13.<br/>수박,쌀 : 국내산<br/>김치류 : 국내산<br/>고춧가루(김치류) : 국내산<br/>쇠고기(종류) : 국내산(한우)<br/>돼지고기 : 국내산<br/>닭고기 : 국내산<br/>오리고기 : 국내산<br/>쇠고기 식육가공품 : 국내산<br/>돼지고기 식육가공품 : 국내산<br/>닭고기 식육가공품 : 국내산<br/>오리고기 가공품 : 국내산<br/>낙지 : 국내산<br/>고등어 : 국내산<br/>갈치 : 국내산<br/>오징어 : 국내산<br/>꽃게 : 국내산<br/>참조기 : 국내산<br/>콩 : 국내산,887.9 Kcal,탄수화물(g) : 136.4<br/>단백질(g) : 53.5<br/>지방(g) : 15.5<br/>비타민A(R.E) : 304.8<br/>티아민(mg) : 1.0<br/>리보플라빈(mg) : 0.7<br/>비타민C(mg) : 25.2<br/>칼슘(mg) : 122.8<br/>철분(mg) : 5.2,20210722
B10,서울특별시교육청,7010083,서울고등학교,2,중식,20210818,1346,햄야채볶음밥2.5.6.10.13.<br/>맑은유부국5.13.<br/>새둥지강정1.5.6.12.13.<br/>콘야채샐러드1.2.5.6.13.<br/>배추김치9.13.<br/>레몬워터젤리2.5.13.,쌀 : 국내산<br/>김치류 : 국내산<br/>고춧가루(김치류) : 국내산<br/>쇠고기(종류) : 국내산(한우)<br/>돼지고기 : 국내산<br/>닭고기 : 국내산<br/>오리고기 : 국내산<br/>쇠고기 식육가공품 : 국내산<br/>돼지고기 식육가공품 : 국내산<br/>닭고기 식육가공품 : 국내산<br/>오리고기 가공품 : 국내산<br/>낙지 : 국내산<br/>고등어 : 국내산<br/>갈치 : 국내산<br/>오징어 : 국내산<br/>꽃게 : 국내산<br/>참조기 : 국내산<br/>콩 : 국내산,1133.5 Kcal,탄수화물(g) : 139.9<br/>단백질(g) : 51.2<br/>지방(g) : 40.1<br/>비타민A(R.E) : 188.2<br/>티아민(mg) : 0.5<br/>리보플라빈(mg) : 0.6<br/>비타민C(mg) : 18.4<br/>칼슘(mg) : 154.1<br/>철분(mg) : 5.6,20210727
B10,서울특별시교육청,7010083,서울고등학교,2,중식,20210819,1346,혼합잡곡밥5.<br/>왕만두떡국1.13.<br/>도토리묵야채무침5.6.13.<br/>견과류멸치볶음4.5.13.<br/>돈육폭찹2.5.6.10.12.13.<br/>배추김치9.13.,쌀 : 국내산<br/>김치류 : 국내산<br/>고춧가루(김치류) : 국내산<br/>쇠고기(종류) : 국내산(한우)<br/>돼지고기 : 국내산<br/>닭고기 : 국내산<br/>오리고기 : 국내산<br/>쇠고기 식육가공품 : 국내산<br/>돼지고기 식육가공품 : 국내산<br/>닭고기 식육가공품 : 국내산<br/>오리고기 가공품 : 국내산<br/>낙지 : 국내산<br/>고등어 : 국내산<br/>갈치 : 국내산<br/>오징어 : 국내산<br/>꽃게 : 국내산<br/>참조기 : 국내산<br/>콩 : 국내산,1052.8 Kcal,탄수화물(g) : 153.1<br/>단백질(g) : 60.3<br/>지방(g) : 22.5<br/>비타민A(R.E) : 178.1<br/>티아민(mg) : 0.9<br/>리보플라빈(mg) : 0.6<br/>비타민C(mg) : 18.1<br/>칼슘(mg) : 150.8<br/>철분(mg) : 4.2,20210727
B10,서울특별시교육청,7010083,서울고등학교,2,중식,20210820,1346,찹쌀밥(추가밥)<br/>우육면1.2.4.5.6.9.10.12.13.16.18.<br/>대만식지파이1.2.5.6.12.13.<br/>배추김치9.13.<br/>흑당버블티2.5.<br/>망고샐러드1.2.5.6.9.11.12.13.,쌀 : 국내산<br/>김치류 : 국내산<br/>고춧가루(김치류) : 국내산<br/>쇠고기(종류) : 국내산(한우)<br/>돼지고기 : 국내산<br/>닭고기 : 국내산<br/>오리고기 : 국내산<br/>쇠고기 식육가공품 : 국내산<br/>돼지고기 식육가공품 : 국내산<br/>닭고기 식육가공품 : 국내산<br/>오리고기 가공품 : 국내산<br/>낙지 : 국내산<br/>고등어 : 국내산<br/>갈치 : 국내산<br/>오징어 : 국내산<br/>꽃게 : 국내산<br/>참조기 : 국내산<br/>콩 : 국내산,1038.5 Kcal,탄수화물(g) : 166.2<br/>단백질(g) : 46.7<br/>지방(g) : 17.1<br/>비타민A(R.E) : 219.0<br/>티아민(mg) : 1.0<br/>리보플라빈(mg) : 1.1<br/>비타민C(mg) : 21.0<br/>칼슘(mg) : 277.2<br/>철분(mg) : 8.7,20210727
B10,서울특별시교육청,7010083,서울고등학교,2,중식,20210823,1346,찹쌀밥(추가밥)<br/>잔치국수1.5.6.9.10.13.<br/>오복지무침<br/>깍두기(완)9.13.<br/>과일샐러드1.2.4.5.6.11.12.13.<br/>새우튀김또띠아1.2.5.6.10.12.13.,쌀 : 국내산<br/>김치류 : 국내산<br/>고춧가루(김치류) : 국내산<br/>쇠고기(종류) : 국내산(한우)<br/>돼지고기 : 국내산<br/>닭고기 : 국내산<br/>오리고기 : 국내산<br/>쇠고기 식육가공품 : 국내산<br/>돼지고기 식육가공품 : 국내산<br/>닭고기 식육가공품 : 국내산<br/>오리고기 가공품 : 국내산<br/>낙지 : 국내산<br/>고등어 : 국내산<br/>갈치 : 국내산<br/>오징어 : 국내산<br/>꽃게 : 국내산<br/>참조기 : 국내산<br/>콩 : 국내산,929.5 Kcal,탄수화물(g) : 160.4<br/>단백질(g) : 27.6<br/>지방(g) : 18.9<br/>비타민A(R.E) : 277.7<br/>티아민(mg) : 0.3<br/>리보플라빈(mg) : 0.5<br/>비타민C(mg) : 43.3<br/>칼슘(mg) : 244.2<br/>철분(mg) : 5.7,20210727
B10,서울특별시교육청,7010083,서울고등학교,2,중식,20210824,1346,흑미밥<br/>닭개장1.5.6.13.15.16.<br/>모듬장조림1.5.6.10.13.<br/>오이부추무침13.<br/>어묵볶음1.5.6.13.<br/>배추김치9.13.<br/>아이스초코2.5.,쌀 : 국내산<br/>김치류 : 국내산<br/>고춧가루(김치류) : 국내산<br/>쇠고기(종류) : 국내산(한우)<br/>돼지고기 : 국내산<br/>닭고기 : 국내산<br/>오리고기 : 국내산<br/>쇠고기 식육가공품 : 국내산<br/>돼지고기 식육가공품 : 국내산<br/>닭고기 식육가공품 : 국내산<br/>오리고기 가공품 : 국내산<br/>낙지 : 국내산<br/>고등어 : 국내산<br/>갈치 : 국내산<br/>오징어 : 국내산<br/>꽃게 : 국내산<br/>참조기 : 국내산<br/>콩 : 국내산,1116.8 Kcal,탄수화물(g) : 156.6<br/>단백질(g) : 50.1<br/>지방(g) : 32.1<br/>비타민A(R.E) : 403.7<br/>티아민(mg) : 0.7<br/>리보플라빈(mg) : 1.0<br/>비타민C(mg) : 18.9<br/>칼슘(mg) : 424.0<br/>철분(mg) : 7.0,20210727
B10,서울특별시교육청,7010083,서울고등학교,2,중식,20210825,1346,자장밥2.5.6.10.<br/>해물짬뽕국1.5.6.9.13.<br/>꼬들단무지무침<br/>수제탕수육1.5.6.10.11.12.13.<br/>배추김치9.13.<br/>파인애플5.13.,쌀 : 국내산<br/>김치류 : 국내산<br/>고춧가루(김치류) : 국내산<br/>쇠고기(종류) : 국내산(한우)<br/>돼지고기 : 국내산<br/>닭고기 : 국내산<br/>오리고기 : 국내산<br/>쇠고기 식육가공품 : 국내산<br/>돼지고기 식육가공품 : 국내산<br/>닭고기 식육가공품 : 국내산<br/>오리고기 가공품 : 국내산<br/>낙지 : 국내산<br/>고등어 : 국내산<br/>갈치 : 국내산<br/>오징어 : 국내산<br/>꽃게 : 국내산<br/>참조기 : 국내산<br/>콩 : 국내산,867.7 Kcal,탄수화물(g) : 131.1<br/>단백질(g) : 54.4<br/>지방(g) : 15.8<br/>비타민A(R.E) : 257.4<br/>티아민(mg) : 1.1<br/>리보플라빈(mg) : 0.8<br/>비타민C(mg) : 54.1<br/>칼슘(mg) : 177.5<br/>철분(mg) : 5.2,20210727
B10,서울특별시교육청,7010083,서울고등학교,2,중식,20210826,1346,혼합잡곡밥5.<br/>돈육김치찌개5.9.10.13.<br/>꽈리고추감자조림5.6.13.<br/>오리불고기1.5.6.13.<br/>깍두기(완)9.13.<br/>떠먹는요구르트(딸기)2.,쌀 : 국내산<br/>김치류 : 국내산<br/>고춧가루(김치류) : 국내산<br/>쇠고기(종류) : 국내산(한우)<br/>돼지고기 : 국내산<br/>닭고기 : 국내산<br/>오리고기 : 국내산<br/>쇠고기 식육가공품 : 국내산<br/>돼지고기 식육가공품 : 국내산<br/>닭고기 식육가공품 : 국내산<br/>오리고기 가공품 : 국내산<br/>낙지 : 국내산<br/>고등어 : 국내산<br/>갈치 : 국내산<br/>오징어 : 국내산<br/>꽃게 : 국내산<br/>참조기 : 국내산<br/>콩 : 국내산,732.6 Kcal,탄수화물(g) : 87.1<br/>단백질(g) : 36.0<br/>지방(g) : 30.7<br/>비타민A(R.E) : 304.0<br/>티아민(mg) : 0.6<br/>리보플라빈(mg) : 0.9<br/>비타민C(mg) : 19.9<br/>칼슘(mg) : 227.7<br/>철분(mg) : 4.6,20210727
B10,서울특별시교육청,7010083,서울고등학교,2,중식,20210827,1346,차조밥<br/>순대국6.10.13.16.<br/>콩나물무침5.<br/>골뱅이야채무침5.6.13.<br/>동그랑땡전1.2.5.6.9.10.<br/>석박지9.13.,쌀 : 국내산<br/>김치류 : 국내산<br/>고춧가루(김치류) : 국내산<br/>쇠고기(종류) : 국내산(한우)<br/>돼지고기 : 국내산<br/>닭고기 : 국내산<br/>오리고기 : 국내산<br/>쇠고기 식육가공품 : 국내산<br/>돼지고기 식육가공품 : 국내산<br/>닭고기 식육가공품 : 국내산<br/>오리고기 가공품 : 국내산<br/>낙지 : 국내산<br/>고등어 : 국내산<br/>갈치 : 국내산<br/>오징어 : 국내산<br/>꽃게 : 국내산<br/>참조기 : 국내산<br/>콩 : 국내산,928.0 Kcal,탄수화물(g) : 133.7<br/>단백질(g) : 44.8<br/>지방(g) : 22.9<br/>비타민A(R.E) : 244.5<br/>티아민(mg) : 0.5<br/>리보플라빈(mg) : 0.6<br/>비타민C(mg) : 10.3<br/>칼슘(mg) : 201.5<br/>철분(mg) : 10.3,20210727
B10,서울특별시교육청,7010083,서울고등학교,2,중식,20210830,1346,기장밥<br/>쇠고기무국13.<br/>시금치고추장무침5.6.<br/>쭈꾸미삼겹살볶음5.6.9.10.13.<br/>계란말이1.2.5.6.13.<br/>배추김치9.13.<br/>오렌지쥬스5.13.,쌀 : 국내산<br/>김치류 : 국내산<br/>고춧가루(김치류) : 국내산<br/>쇠고기(종류) : 국내산(한우)<br/>돼지고기 : 국내산<br/>닭고기 : 국내산<br/>오리고기 : 국내산<br/>쇠고기 식육가공품 : 국내산<br/>돼지고기 식육가공품 : 국내산<br/>닭고기 식육가공품 : 국내산<br/>오리고기 가공품 : 국내산<br/>낙지 : 국내산<br/>고등어 : 국내산<br/>갈치 : 국내산<br/>오징어 : 국내산<br/>꽃게 : 국내산<br/>참조기 : 국내산<br/>콩 : 국내산,850.5 Kcal,탄수화물(g) : 107.3<br/>단백질(g) : 57.0<br/>지방(g) : 22.8<br/>비타민A(R.E) : 485.3<br/>티아민(mg) : 0.8<br/>리보플라빈(mg) : 1.0<br/>비타민C(mg) : 70.7<br/>칼슘(mg) : 180.8<br/>철분(mg) : 6.5,20210727
B10,서울특별시교육청,7010083,서울고등학교,2,중식,20210831,1346,찹쌀밥(추가밥)<br/>바지락칼국수5.6.9.13.<br/>으깬감자샐러드1.5.13.<br/>돈까스*파채소스1.5.6.10.12.13.18.<br/>배추겉절이13.<br/>모듬견과조림1.2.4.5.6.12.13.,쌀 : 국내산<br/>김치류 : 국내산<br/>고춧가루(김치류) : 국내산<br/>쇠고기(종류) : 국내산(한우)<br/>돼지고기 : 국내산<br/>닭고기 : 국내산<br/>오리고기 : 국내산<br/>쇠고기 식육가공품 : 국내산<br/>돼지고기 식육가공품 : 국내산<br/>닭고기 식육가공품 : 국내산<br/>오리고기 가공품 : 국내산<br/>낙지 : 국내산<br/>고등어 : 국내산<br/>갈치 : 국내산<br/>오징어 : 국내산<br/>꽃게 : 국내산<br/>참조기 : 국내산<br/>콩 : 국내산,1077.0 Kcal,탄수화물(g) : 158.7<br/>단백질(g) : 31.0<br/>지방(g) : 36.7<br/>비타민A(R.E) : 236.6<br/>티아민(mg) : 0.3<br/>리보플라빈(mg) : 0.4<br/>비타민C(mg) : 26.2<br/>칼슘(mg) : 134.5<br/>철분(mg) : 6.2,20210727
B10,서울특별시교육청,7010083,서울고등학교,2,중식,20210901,1300,참치마요덮밥1.4.5.6.12.13.<br/>로제소스떡볶이1.2.5.6.10.12.13.16.18.<br/>팽이버섯맑은국5.6.13.<br/>배추김치9.13.<br/>츄러스아이스크림1.2.4.5.6.13.<br/>양상추샐러드1.2.5.6.9.11.12.13.,쌀 : 국내산<br/>김치류 : 국내산<br/>고춧가루(김치류) : 국내산<br/>쇠고기(종류) : 국내산(한우)<br/>돼지고기 : 국내산<br/>닭고기 : 국내산<br/>오리고기 : 국내산<br/>쇠고기 식육가공품 : 국내산<br/>돼지고기 식육가공품 : 국내산<br/>닭고기 식육가공품 : 국내산<br/>오리고기 가공품 : 국내산<br/>낙지 : 국내산<br/>고등어 : 국내산<br/>갈치 : 국내산<br/>오징어 : 국내산<br/>꽃게 : 국내산<br/>참조기 : 국내산<br/>콩 : 국내산,1603.3 Kcal,탄수화물(g) : 226.9<br/>단백질(g) : 55.0<br/>지방(g) : 53.5<br/>비타민A(R.E) : 425.9<br/>티아민(mg) : 0.5<br/>리보플라빈(mg) : 1.1<br/>비타민C(mg) : 40.4<br/>칼슘(mg) : 306.0<br/>철분(mg) : 9.9,20210727
B10,서울특별시교육청,7010083,서울고등학교,2,중식,20210902,1300,잡곡밥5.<br/>된장찌개5.6.13.<br/>모듬쌈겉절이5.6.13.<br/>골뱅이야채무침5.6.13.<br/>목살양념구이&구운야채5.6.10.<br/>배추김치9.13.<br/>쥬시쿨5.13.,쌀 : 국내산<br/>김치류 : 국내산<br/>고춧가루(김치류) : 국내산<br/>쇠고기(종류) : 국내산(한우)<br/>돼지고기 : 국내산<br/>닭고기 : 국내산<br/>오리고기 : 국내산<br/>쇠고기 식육가공품 : 국내산<br/>돼지고기 식육가공품 : 국내산<br/>닭고기 식육가공품 : 국내산<br/>오리고기 가공품 : 국내산<br/>낙지 : 국내산<br/>고등어 : 국내산<br/>갈치 : 국내산<br/>오징어 : 국내산<br/>꽃게 : 국내산<br/>참조기 : 국내산<br/>콩 : 국내산,1080.5 Kcal,탄수화물(g) : 151.3<br/>단백질(g) : 64.1<br/>지방(g) : 28.5<br/>비타민A(R.E) : 313.0<br/>티아민(mg) : 1.5<br/>리보플라빈(mg) : 0.8<br/>비타민C(mg) : 24.9<br/>칼슘(mg) : 173.1<br/>철분(mg) : 5.9,20210727
B10,서울특별시교육청,7010083,서울고등학교,2,중식,20210903,1300,김치치즈밥버거1.2.5.6.9.10.13.<br/>다시마무국13.<br/>오복지무침<br/>깍두기(완)13.9.<br/>과일샐러드1.2.4.5.6.11.12.13.,쌀 : 국내산<br/>김치류 : 국내산<br/>고춧가루(김치류) : 국내산<br/>쇠고기(종류) : 국내산(한우)<br/>돼지고기 : 국내산<br/>닭고기 : 국내산<br/>오리고기 : 국내산<br/>쇠고기 식육가공품 : 국내산<br/>돼지고기 식육가공품 : 국내산<br/>닭고기 식육가공품 : 국내산<br/>오리고기 가공품 : 국내산<br/>낙지 : 국내산<br/>고등어 : 국내산<br/>갈치 : 국내산<br/>오징어 : 국내산<br/>꽃게 : 국내산<br/>참조기 : 국내산<br/>콩 : 국내산,618.1 Kcal,탄수화물(g) : 112.3<br/>단백질(g) : 21.0<br/>지방(g) : 10.5<br/>비타민A(R.E) : 234.7<br/>티아민(mg) : 0.3<br/>리보플라빈(mg) : 0.4<br/>비타민C(mg) : 24.1<br/>칼슘(mg) : 235.0<br/>철분(mg) : 2.8,20210727
B10,서울특별시교육청,7010083,서울고등학교,2,중식,20210906,1300,잡곡밥5.<br/>근대고추장국5.6.13.<br/>모듬장조림1.5.6.10.13.<br/>도라지오이생채5.6.13.<br/>해물우동볶음5.6.9.10.13.<br/>배추김치9.13.,쌀 : 국내산<br/>김치류 : 국내산<br/>고춧가루(김치류) : 국내산<br/>쇠고기(종류) : 국내산(한우)<br/>돼지고기 : 국내산<br/>닭고기 : 국내산<br/>오리고기 : 국내산<br/>쇠고기 식육가공품 : 국내산<br/>돼지고기 식육가공품 : 국내산<br/>닭고기 식육가공품 : 국내산<br/>오리고기 가공품 : 국내산<br/>낙지 : 국내산<br/>고등어 : 국내산<br/>갈치 : 국내산<br/>오징어 : 국내산<br/>꽃게 : 국내산<br/>참조기 : 국내산<br/>콩 : 국내산,932.1 Kcal,탄수화물(g) : 161.0<br/>단백질(g) : 43.6<br/>지방(g) : 14.8<br/>비타민A(R.E) : 508.6<br/>티아민(mg) : 0.7<br/>리보플라빈(mg) : 0.8<br/>비타민C(mg) : 22.9<br/>칼슘(mg) : 174.8<br/>철분(mg) : 5.0,20210727
B10,서울특별시교육청,7010083,서울고등학교,2,중식,20210907,1300,보리밥<br/>쑥갓어묵탕1.5.6.13.<br/>숙주나물무침<br/>순살닭볶음탕5.6.13.<br/>부추야채전1.5.6.8.9.10.13.<br/>배추김치9.13.,쌀 : 국내산<br/>김치류 : 국내산<br/>고춧가루(김치류) : 국내산<br/>쇠고기(종류) : 국내산(한우)<br/>돼지고기 : 국내산<br/>닭고기 : 국내산<br/>오리고기 : 국내산<br/>쇠고기 식육가공품 : 국내산<br/>돼지고기 식육가공품 : 국내산<br/>닭고기 식육가공품 : 국내산<br/>오리고기 가공품 : 국내산<br/>낙지 : 국내산<br/>고등어 : 국내산<br/>갈치 : 국내산<br/>오징어 : 국내산<br/>꽃게 : 국내산<br/>참조기 : 국내산<br/>콩 : 국내산,814.4 Kcal,탄수화물(g) : 139.0<br/>단백질(g) : 50.5<br/>지방(g) : 8.3<br/>비타민A(R.E) : 404.4<br/>티아민(mg) : 0.6<br/>리보플라빈(mg) : 0.5<br/>비타민C(mg) : 10.9<br/>칼슘(mg) : 133.3<br/>철분(mg) : 4.2,20210727
B10,서울특별시교육청,7010083,서울고등학교,2,중식,20210908,1300,사천자장면2.5.6.9.10.13.<br/>계란실파국1.5.6.13.<br/>토마토치즈군만두1.5.6.10.13.16.18.<br/>맛동산쏘이탕수육1.5.6.10.11.12.13.<br/>배추김치9.13.<br/>요구르트2.,쌀 : 국내산<br/>김치류 : 국내산<br/>고춧가루(김치류) : 국내산<br/>쇠고기(종류) : 국내산(한우)<br/>돼지고기 : 국내산<br/>닭고기 : 국내산<br/>오리고기 : 국내산<br/>쇠고기 식육가공품 : 국내산<br/>돼지고기 식육가공품 : 국내산<br/>닭고기 식육가공품 : 국내산<br/>오리고기 가공품 : 국내산<br/>낙지 : 국내산<br/>고등어 : 국내산<br/>갈치 : 국내산<br/>오징어 : 국내산<br/>꽃게 : 국내산<br/>참조기 : 국내산<br/>콩 : 국내산,1364.6 Kcal,탄수화물(g) : 220.7<br/>단백질(g) : 44.1<br/>지방(g) : 31.8<br/>비타민A(R.E) : 161.9<br/>티아민(mg) : 0.6<br/>리보플라빈(mg) : 0.6<br/>비타민C(mg) : 25.5<br/>칼슘(mg) : 200.2<br/>철분(mg) : 16.2,20210727
B10,서울특별시교육청,7010083,서울고등학교,2,중식,20210909,1300,망고생크림와플1.2.5.6.13.<br/>스팸김치짜글이5.9.10.13.<br/>감자조림5.6.13.<br/>호박볶음9.13.<br/>숯불오리주물럭1.5.6.13.<br/>깍두기(완)9.13.,쌀 : 국내산<br/>김치류 : 국내산<br/>고춧가루(김치류) : 국내산<br/>쇠고기(종류) : 국내산(한우)<br/>돼지고기 : 국내산<br/>닭고기 : 국내산<br/>오리고기 : 국내산<br/>쇠고기 식육가공품 : 국내산<br/>돼지고기 식육가공품 : 국내산<br/>닭고기 식육가공품 : 국내산<br/>오리고기 가공품 : 국내산<br/>낙지 : 국내산<br/>고등어 : 국내산<br/>갈치 : 국내산<br/>오징어 : 국내산<br/>꽃게 : 국내산<br/>참조기 : 국내산<br/>콩 : 국내산,848.1 Kcal,탄수화물(g) : 69.5<br/>단백질(g) : 36.5<br/>지방(g) : 51.6<br/>비타민A(R.E) : 339.0<br/>티아민(mg) : 0.6<br/>리보플라빈(mg) : 0.8<br/>비타민C(mg) : 33.8<br/>칼슘(mg) : 233.2<br/>철분(mg) : 5.4,20210727
B10,서울특별시교육청,7010083,서울고등학교,2,중식,20210910,1300,오므라이스1.2.5.6.10.12.13.<br/>크림스프1.2.5.6.13.<br/>꼬들단무지무침<br/>고구마무스돈까스1.5.6.10.<br/>배추김치9.13.<br/>바나나블루베리샐러드1.2.4.5.6.11.12.13.,쌀 : 국내산<br/>김치류 : 국내산<br/>고춧가루(김치류) : 국내산<br/>쇠고기(종류) : 국내산(한우)<br/>돼지고기 : 국내산<br/>닭고기 : 국내산<br/>오리고기 : 국내산<br/>쇠고기 식육가공품 : 국내산<br/>돼지고기 식육가공품 : 국내산<br/>닭고기 식육가공품 : 국내산<br/>오리고기 가공품 : 국내산<br/>낙지 : 국내산<br/>고등어 : 국내산<br/>갈치 : 국내산<br/>오징어 : 국내산<br/>꽃게 : 국내산<br/>참조기 : 국내산<br/>콩 : 국내산,1207.0 Kcal,탄수화물(g) : 171.0<br/>단백질(g) : 29.8<br/>지방(g) : 44.7<br/>비타민A(R.E) : 202.4<br/>티아민(mg) : 0.4<br/>리보플라빈(mg) : 0.6<br/>비타민C(mg) : 25.0<br/>칼슘(mg) : 154.7<br/>철분(mg) : 4.7,20210727
B10,서울특별시교육청,7010083,서울고등학교,2,중식,20210913,1300,기장밥<br/>설렁탕&소면1.5.6.13.16.<br/>도토리묵무침5.6.13.<br/>참나물무침<br/>배추김치9.13.<br/>생선커틀릿(서)1.2.5.6.13.,쌀 : 국내산<br/>김치류 : 국내산<br/>고춧가루(김치류) : 국내산<br/>쇠고기(종류) : 국내산(한우)<br/>돼지고기 : 국내산<br/>닭고기 : 국내산<br/>오리고기 : 국내산<br/>쇠고기 식육가공품 : 국내산<br/>돼지고기 식육가공품 : 국내산<br/>닭고기 식육가공품 : 국내산<br/>오리고기 가공품 : 국내산<br/>낙지 : 국내산<br/>고등어 : 국내산<br/>갈치 : 국내산<br/>오징어 : 국내산<br/>꽃게 : 국내산<br/>참조기 : 국내산<br/>콩 : 국내산,1286.6 Kcal,탄수화물(g) : 142.3<br/>단백질(g) : 45.2<br/>지방(g) : 58.3<br/>비타민A(R.E) : 138.9<br/>티아민(mg) : 0.3<br/>리보플라빈(mg) : 0.4<br/>비타민C(mg) : 5.2<br/>칼슘(mg) : 114.7<br/>철분(mg) : 4.9,20210727
B10,서울특별시교육청,7010083,서울고등학교,2,중식,20210914,1300,흑향미밥<br/>호박고추장찌개5.6.10.13.<br/>마늘보쌈5.6.10.13.<br/>메밀면야채무침3.5.6.13.<br/>보쌈김치9.13.18.,쌀 : 국내산<br/>김치류 : 국내산<br/>고춧가루(김치류) : 국내산<br/>쇠고기(종류) : 국내산(한우)<br/>돼지고기 : 국내산<br/>닭고기 : 국내산<br/>오리고기 : 국내산<br/>쇠고기 식육가공품 : 국내산<br/>돼지고기 식육가공품 : 국내산<br/>닭고기 식육가공품 : 국내산<br/>오리고기 가공품 : 국내산<br/>낙지 : 국내산<br/>고등어 : 국내산<br/>갈치 : 국내산<br/>오징어 : 국내산<br/>꽃게 : 국내산<br/>참조기 : 국내산<br/>콩 : 국내산,1169.5 Kcal,탄수화물(g) : 147.5<br/>단백질(g) : 55.1<br/>지방(g) : 42.7<br/>비타민A(R.E) : 244.5<br/>티아민(mg) : 1.3<br/>리보플라빈(mg) : 0.7<br/>비타민C(mg) : 27.3<br/>칼슘(mg) : 160.2<br/>철분(mg) : 4.3,20210727
B10,서울특별시교육청,7010083,서울고등학교,2,중식,20210915,1300,베이컨갈릭필라프2.5.6.10.13.<br/>유부맑은국5.13.<br/>콘치즈함박2.5.6.10.13.<br/>배추김치9.13.<br/>감귤쥬스5.13.<br/>황도요거트샐러드1.2.5.6.9.11.12.13.,쌀 : 국내산<br/>김치류 : 국내산<br/>고춧가루(김치류) : 국내산<br/>쇠고기(종류) : 국내산(한우)<br/>돼지고기 : 국내산<br/>닭고기 : 국내산<br/>오리고기 : 국내산<br/>쇠고기 식육가공품 : 국내산<br/>돼지고기 식육가공품 : 국내산<br/>닭고기 식육가공품 : 국내산<br/>오리고기 가공품 : 국내산<br/>낙지 : 국내산<br/>고등어 : 국내산<br/>갈치 : 국내산<br/>오징어 : 국내산<br/>꽃게 : 국내산<br/>참조기 : 국내산<br/>콩 : 국내산,985.3 Kcal,탄수화물(g) : 132.6<br/>단백질(g) : 44.1<br/>지방(g) : 31.6<br/>비타민A(R.E) : 170.8<br/>티아민(mg) : 0.7<br/>리보플라빈(mg) : 0.4<br/>비타민C(mg) : 37.1<br/>칼슘(mg) : 336.6<br/>철분(mg) : 4.9,20210727
B10,서울특별시교육청,7010083,서울고등학교,2,중식,20210916,1300,수수밥<br/>들꺠옹심이미역국5.6.13.<br/>찹쌀콩멸치볶음4.5.13.<br/>비엔나미트볼조림1.2.5.6.10.12.13.<br/>두부구이6.5.<br/>배추김치9.13.,쌀 : 국내산<br/>김치류 : 국내산<br/>고춧가루(김치류) : 국내산<br/>쇠고기(종류) : 국내산(한우)<br/>돼지고기 : 국내산<br/>닭고기 : 국내산<br/>오리고기 : 국내산<br/>쇠고기 식육가공품 : 국내산<br/>돼지고기 식육가공품 : 국내산<br/>닭고기 식육가공품 : 국내산<br/>오리고기 가공품 : 국내산<br/>낙지 : 국내산<br/>고등어 : 국내산<br/>갈치 : 국내산<br/>오징어 : 국내산<br/>꽃게 : 국내산<br/>참조기 : 국내산<br/>콩 : 국내산,957.5 Kcal,탄수화물(g) : 126.8<br/>단백질(g) : 41.9<br/>지방(g) : 31.1<br/>비타민A(R.E) : 144.3<br/>티아민(mg) : 0.5<br/>리보플라빈(mg) : 0.5<br/>비타민C(mg) : 34.5<br/>칼슘(mg) : 205.5<br/>철분(mg) : 4.7,20210727
B10,서울특별시교육청,7010083,서울고등학교,2,중식,20210917,1300,잡곡밥5.<br/>육개장1.5.6.13.16.<br/>돼지갈비찜5.6.10.13.<br/>삼색나물5.6.<br/>잡채5.6.8.10.13.<br/>식혜13.<br/>송편5.6.13.,쌀 : 국내산<br/>김치류 : 국내산<br/>고춧가루(김치류) : 국내산<br/>쇠고기(종류) : 호주산<br/>돼지고기 : 국내산<br/>닭고기 : 국내산<br/>오리고기 : 국내산<br/>쇠고기 식육가공품 : 국내산<br/>돼지고기 식육가공품 : 국내산<br/>닭고기 식육가공품 : 국내산<br/>오리고기 가공품 : 국내산<br/>낙지 : 국내산<br/>고등어 : 국내산<br/>갈치 : 국내산<br/>오징어 : 국내산<br/>꽃게 : 국내산<br/>참조기 : 국내산<br/>콩 : 국내산,1100.1 Kcal,탄수화물(g) : 152.8<br/>단백질(g) : 54.7<br/>지방(g) : 31.2<br/>비타민A(R.E) : 352.3<br/>티아민(mg) : 1.2<br/>리보플라빈(mg) : 0.6<br/>비타민C(mg) : 31.5<br/>칼슘(mg) : 160.6<br/>철분(mg) : 4.3,20210727
B10,서울특별시교육청,7010083,서울고등학교,2,중식,20210923,1300,떡만두국1.5.6.10.13.<br/>꽈리고추메추리알조림1.5.6.13.<br/>콩나물맛살냉채5.13.<br/>오징어두루치기5.6.10.13.<br/>배추김치9.13.,쌀 : 국내산<br/>김치류 : 국내산<br/>고춧가루(김치류) : 국내산<br/>쇠고기(종류) : 국내산(한우)<br/>돼지고기 : 국내산<br/>닭고기 : 국내산<br/>오리고기 : 국내산<br/>쇠고기 식육가공품 : 국내산<br/>돼지고기 식육가공품 : 국내산<br/>닭고기 식육가공품 : 국내산<br/>오리고기 가공품 : 국내산<br/>낙지 : 국내산<br/>고등어 : 국내산<br/>갈치 : 국내산<br/>오징어 : 국내산<br/>꽃게 : 국내산<br/>참조기 : 국내산<br/>콩 : 국내산,753.3 Kcal,탄수화물(g) : 83.1<br/>단백질(g) : 54.4<br/>지방(g) : 27.0<br/>비타민A(R.E) : 490.2<br/>티아민(mg) : 1.2<br/>리보플라빈(mg) : 1.2<br/>비타민C(mg) : 14.0<br/>칼슘(mg) : 182.3<br/>철분(mg) : 10.2,20210727
B10,서울특별시교육청,7010083,서울고등학교,2,중식,20210924,1300,콩나물밥&양념장5.6.10.<br/>열무된장국5.6.13.<br/>오이지무침13.<br/>닭다리오븐구이1.2.5.6.12.13.<br/>고구마맛탕5.13.<br/>배추김치9.13.,쌀 : 국내산<br/>김치류 : 국내산<br/>고춧가루(김치류) : 국내산<br/>쇠고기(종류) : 국내산(한우)<br/>돼지고기 : 국내산<br/>닭고기 : 국내산<br/>오리고기 : 국내산<br/>쇠고기 식육가공품 : 국내산<br/>돼지고기 식육가공품 : 국내산<br/>닭고기 식육가공품 : 국내산<br/>오리고기 가공품 : 국내산<br/>낙지 : 국내산<br/>고등어 : 국내산<br/>갈치 : 국내산<br/>오징어 : 국내산<br/>꽃게 : 국내산<br/>참조기 : 국내산<br/>콩 : 국내산,1082.7 Kcal,탄수화물(g) : 127.4<br/>단백질(g) : 62.9<br/>지방(g) : 36.1<br/>비타민A(R.E) : 287.4<br/>티아민(mg) : 0.6<br/>리보플라빈(mg) : 0.6<br/>비타민C(mg) : 15.1<br/>칼슘(mg) : 203.2<br/>철분(mg) : 5.8,20210727
B10,서울특별시교육청,7010083,서울고등학교,2,중식,20210927,1300,차조밥<br/>쇠고기무국13.<br/>양파장아찌5.6.13.18.<br/>제육버섯불고기2.5.6.10.13.<br/>건새우호박전5.6.<br/>배추김치9.13.,쌀 : 국내산<br/>김치류 : 국내산<br/>고춧가루(김치류) : 국내산<br/>쇠고기(종류) : 국내산(한우)<br/>돼지고기 : 국내산<br/>닭고기 : 국내산<br/>오리고기 : 국내산<br/>쇠고기 식육가공품 : 국내산<br/>돼지고기 식육가공품 : 국내산<br/>닭고기 식육가공품 : 국내산<br/>오리고기 가공품 : 국내산<br/>낙지 : 국내산<br/>고등어 : 국내산<br/>갈치 : 국내산<br/>오징어 : 국내산<br/>꽃게 : 국내산<br/>참조기 : 국내산<br/>콩 : 국내산,884.2 Kcal,탄수화물(g) : 126.8<br/>단백질(g) : 55.2<br/>지방(g) : 18.1<br/>비타민A(R.E) : 132.7<br/>티아민(mg) : 1.0<br/>리보플라빈(mg) : 0.9<br/>비타민C(mg) : 18.9<br/>칼슘(mg) : 176.2<br/>철분(mg) : 4.6,20210727
B10,서울특별시교육청,7010083,서울고등학교,2,중식,20210928,1300,현미밥<br/>낙삼새2.5.6.13.<br/>배추김치9.13.<br/>씨앗호떡1.2.4.5.6.13.,쌀 : 국내산<br/>김치류 : 국내산<br/>고춧가루(김치류) : 국내산<br/>쇠고기(종류) : 국내산(한우)<br/>돼지고기 : 국내산<br/>닭고기 : 국내산<br/>오리고기 : 국내산<br/>쇠고기 식육가공품 : 국내산<br/>돼지고기 식육가공품 : 국내산<br/>닭고기 식육가공품 : 국내산<br/>오리고기 가공품 : 국내산<br/>낙지 : 국내산<br/>고등어 : 국내산<br/>갈치 : 국내산<br/>오징어 : 국내산<br/>꽃게 : 국내산<br/>참조기 : 국내산<br/>콩 : 국내산,813.8 Kcal,탄수화물(g) : 110.0<br/>단백질(g) : 45.1<br/>지방(g) : 21.5<br/>비타민A(R.E) : 105.6<br/>티아민(mg) : 0.6<br/>리보플라빈(mg) : 0.4<br/>비타민C(mg) : 13.0<br/>칼슘(mg) : 102.0<br/>철분(mg) : 3.9,20210727
B10,서울특별시교육청,7010083,서울고등학교,2,중식,20210929,1300,유부된장국5.6.13.<br/>하이라이스1.2.5.6.10.12.13.<br/>고추마요치킨&치즈볼1.2.5.6.15.<br/>배추김치9.13.<br/>포도쥬스5.13.,쌀 : 국내산<br/>김치류 : 국내산<br/>고춧가루(김치류) : 국내산<br/>쇠고기(종류) : 국내산(한우)<br/>돼지고기 : 국내산<br/>닭고기 : 국내산<br/>오리고기 : 국내산<br/>쇠고기 식육가공품 : 국내산<br/>돼지고기 식육가공품 : 국내산<br/>닭고기 식육가공품 : 국내산<br/>오리고기 가공품 : 국내산<br/>낙지 : 국내산<br/>고등어 : 국내산<br/>갈치 : 국내산<br/>오징어 : 국내산<br/>꽃게 : 국내산<br/>참조기 : 국내산<br/>콩 : 국내산,1240.4 Kcal,탄수화물(g) : 126.6<br/>단백질(g) : 54.3<br/>지방(g) : 58.4<br/>비타민A(R.E) : 180.9<br/>티아민(mg) : 0.4<br/>리보플라빈(mg) : 0.7<br/>비타민C(mg) : 17.2<br/>칼슘(mg) : 140.0<br/>철분(mg) : 4.6,20210727
